brand,name,address,sido,gungu,latitude,longitude
스타벅스,역삼아레나빌딩,서울특별시 강남구 언주로 425 (역삼동),서울특별시,강남구,37.501087,127.043069
스타벅스,논현역사거리,서울특별시 강남구 강남대로 538 (논현동),서울특별시,강남구,37.510178,127.022223
스타벅스,신사역성일빌딩,서울특별시 강남구 강남대로 584 (논현동),서울특별시,강남구,37.5139309,127.0206057
스타벅스,국기원사거리,서울특별시 강남구 테헤란로 125 (역삼동),서울특별시,강남구,37.499517,127.031495
스타벅스,대치재경빌딩,서울특별시 강남구 남부순환로 2947 (대치동),서울특별시,강남구,37.494668,127.062583
스타벅스,봉은사역,서울특별시 강남구 봉은사로 619 (삼성동),서울특별시,강남구,37.515,127.063196
스타벅스,압구정윤성빌딩,서울특별시 강남구 논현로 834 (신사동),서울특별시,강남구,37.5227934,127.0286009
스타벅스,코엑스별마당,서울특별시 강남구 영동대로 513 (삼성동),서울특별시,강남구,37.51015,127.060275
스타벅스,삼성역섬유센터R,서울특별시 강남구 테헤란로 518 (대치동),서울특별시,강남구,37.50775,127.060651
스타벅스,압구정R,서울특별시 강남구 언주로 861 (신사동),서울특별시,강남구,37.5273669,127.033061
스타벅스,수서역R,서울특별시 강남구 광평로 281 (수서동),서울특별시,강남구,37.488008,127.10265
스타벅스,양재강남빌딩R,서울특별시 강남구 남부순환로 2621 (도곡동),서울특별시,강남구,37.485192,127.036685
스타벅스,선릉동신빌딩R,서울특별시 강남구 테헤란로 409 (삼성동),서울특별시,강남구,37.505321,127.050409
스타벅스,봉은사로선정릉,서울특별시 강남구 봉은사로 446 (삼성동),서울특별시,강남구,37.51131683,127.0484634
스타벅스,강남오거리,서울특별시 강남구 봉은사로2길 39 (역삼동),서울특별시,강남구,37.502117,127.026672
스타벅스,스타필드코엑스몰R,서울특별시 강남구 영동대로 513 (삼성동) 코엑스 A106호,서울특별시,강남구,37.50999,127.061455
스타벅스,강남구청정문,서울특별시 강남구 학동로 419 (청담동),서울특별시,강남구,37.518181,127.045995
스타벅스,도곡공원,서울특별시 강남구 도곡로 205 (역삼동),서울특별시,강남구,37.492805,127.041309
스타벅스,강남R,서울특별시 강남구 강남대로 390 (역삼동),서울특별시,강남구,37.497711,127.028439
스타벅스,대치은마사거리,서울특별시 강남구 도곡로 457 (대치동),서울특별시,강남구,37.498973,127.060172
스타벅스,청담영동대로,서울특별시 강남구 영동대로 720 (청담동),서울특별시,강남구,37.522156,127.056449
스타벅스,압구정,서울특별시 강남구 압구정로30길 17 (신사동),서울특별시,강남구,37.526283,127.02956
스타벅스,신사가로수,서울특별시 강남구 가로수길 59 ,서울특별시,강남구,37.521933,127.022521
스타벅스,청담스타R,서울특별시 강남구 도산대로57길 24 (청담동),서울특별시,강남구,37.525216,127.041827
스타벅스,강남우성,서울특별시 강남구 강남대로 328 (역삼동),서울특별시,강남구,37.492396,127.03091
스타벅스,학동사거리,서울특별시 강남구 도산대로 328 (논현동),서울특별시,강남구,37.5223645,127.0379543
스타벅스,대치사거리,서울특별시 강남구 삼성로 402 (대치동),서울특별시,강남구,37.503331,127.058817
스타벅스,포스코사거리,서울특별시 강남구 테헤란로 505 (삼성동) 화진빌딩,서울특별시,강남구,37.5075307,127.0574271
스타벅스,을지병원사거리,"서울특별시 강남구 논현로 752 (논현동,구산빌딩)",서울특별시,강남구,37.5191632,127.0286446
스타벅스,신사역,서울특별시 강남구 도산대로 108 (논현동) 렉스타워,서울특별시,강남구,37.5162021,127.0207428
스타벅스,도곡역,서울특별시 강남구 남부순환로 2909 (대치동),서울특별시,강남구,37.492167,127.057398
스타벅스,서울세관사거리,서울특별시 강남구 언주로 650 (논현동) 한국건설기술인협회,서울특별시,강남구,37.514887,127.035653
스타벅스,청담사거리,서울특별시 강남구 도산대로 458 (청담동) 리츠타워,서울특별시,강남구,37.5236351,127.0468651
스타벅스,한티역,"서울특별시 강남구 도곡로 408, 디마크빌딩 101호 (대치동)",서울특별시,강남구,37.496801,127.055055
스타벅스,역삼초교사거리,서울특별시 강남구 역삼로 123 (역삼동),서울특별시,강남구,37.4941059,127.0329973
스타벅스,코엑스몰,서울특별시 강남구 영동대로 513 (삼성동) O103호,서울특별시,강남구,37.513715,127.059245
스타벅스,가로수길,"서울특별시 강남구 논현로175길 94, 1~2층 (신사동)",서울특별시,강남구,37.5231593,127.021625
스타벅스,역삼대로,"서울특별시 강남구 테헤란로 211, 한국고등교육재단빌딩 1층 (역삼동)",서울특별시,강남구,37.501623,127.039375
스타벅스,역삼포스코,"서울특별시 강남구 테헤란로 134, P&S TOWER (역삼동)",서울특별시,강남구,37.499721,127.033582
스타벅스,강남대로,"서울특별시 강남구 강남대로 456, 한석타워 2층 1-2호 (역삼동)",서울특별시,강남구,37.50314,127.025546
스타벅스,청담,"서울특별시 강남구 도산대로 532, 인희빌딩 1층 (청담동)",서울특별시,강남구,37.5243631,127.0515599
스타벅스,삼성도심공항,서울특별시 강남구 테헤란로87길 33 (삼성동),서울특별시,강남구,37.5097863,127.0579134
스타벅스,삼성교,"서울특별시 강남구 영동대로86길 12, 동남유화빌딩 1층",서울특별시,강남구,37.507794,127.06517
스타벅스,학동역,서울특별시 강남구 논현로 704 (논현동),서울특별시,강남구,37.51464884,127.0307302
스타벅스,대치,서울특별시 강남구 도곡로 511 (대치동),서울특별시,강남구,37.49966175,127.0622171
스타벅스,신세계푸드마켓도곡,"서울특별시 강남구 언주로30길 57, 타워팰리스Ⅱ F 지하1층 (도곡동)",서울특별시,강남구,37.490298,127.054895
스타벅스,삼성,"서울특별시 강남구 테헤란로 443, 애플트리타워 1층 (삼성동)",서울특별시,강남구,37.50689646,127.0557187
스타벅스,선릉세화빌딩,서울특별시 강남구 테헤란로64길 18 (대치동) 1층,서울특별시,강남구,37.50377562,127.051196
스타벅스,압구정역,"서울특별시 강남구 압구정로 170, 관영빌딩 1층 지하1층 (신사동)",서울특별시,강남구,37.52674095,127.0281105
스타벅스,압구정로,서울특별시 강남구 압구정로42길 32 (신사동),서울특별시,강남구,37.52680046,127.0347174
스타벅스,구역삼사거리,서울특별시 강남구 논현로 401 (역삼동),서울특별시,강남구,37.49592355,127.0388645
스타벅스,큰길타워,"서울특별시 강남구 테헤란로 223, 큰길타워빌딩 (역삼동)",서울특별시,강남구,37.50236693,127.0407
스타벅스,강남구청역,"서울특별시 강남구 선릉로 669, 웰빙센터 1층 (논현동)",서울특별시,강남구,37.5165849,127.0412433
스타벅스,대치역,서울특별시 강남구 남부순환로 2936 (대치동) 107호,서울특별시,강남구,37.493554,127.061874
스타벅스,포이,서울특별시 강남구 논현로 88 (개포동),서울특별시,강남구,37.47781106,127.0451411
스타벅스,아크플레이스,서울특별시 강남구 테헤란로 142 (역삼동),서울특별시,강남구,37.49971982,127.0349084
스타벅스,학여울역,서울특별시 강남구 영동대로 215 (대치동),서울특별시,강남구,37.49803646,127.0684943
스타벅스,선정릉역,서울특별시 강남구 봉은사로 407 (삼성동) 에프오빌딩,서울특별시,강남구,37.5107549,127.0445597
스타벅스,삼성현대힐,서울특별시 강남구 삼성로 605 (삼성동),서울특별시,강남구,37.51350444,127.0527375
스타벅스,GS타워,서울특별시 강남구 논현로 508 (역삼동),서울특별시,강남구,37.5018592,127.0372776
스타벅스,압구정미소,서울특별시 강남구 논현로 841 (신사동),서울특별시,강남구,37.52391271,127.0280721
스타벅스,선릉역,"서울특별시 강남구 테헤란로 334, LG화재 빌딩 (역삼동)",서울특별시,강남구,37.50393894,127.0485135
스타벅스,코엑스사거리,서울특별시 강남구 영동대로 616 (삼성동),서울특별시,강남구,37.515351,127.060109
스타벅스,역삼럭키,서울특별시 강남구 도곡로 183 (역삼동),서울특별시,강남구,37.492209,127.039389
스타벅스,신압구정,서울특별시 강남구 언주로174길 29 (신사동),서울특별시,강남구,37.528115,127.036441
스타벅스,아크로힐스논현,"서울특별시 강남구 봉은사로 304, 금강빌딩 1-2층 (역삼동)",서울특별시,강남구,37.50901331,127.0403524
스타벅스,강남비젼타워,"서울특별시 강남구 테헤란로2길 27, 1층 101호 (역삼동)",서울특별시,강남구,37.4964557,127.0296885
스타벅스,압구정로데오역,"서울특별시 강남구 선릉로 836, 삼원빌딩 1,2층 (청담동)",서울특별시,강남구,37.526549,127.040437
스타벅스,르네상스사거리,서울특별시 강남구 테헤란로 306 (역삼동),서울특별시,강남구,37.502721,127.044308
스타벅스,포스코,"서울특별시 강남구 삼성로86길 7, 1층 (대치동)",서울특별시,강남구,37.50576458,127.0580449
스타벅스,선릉로,"서울특별시 강남구 선릉로93길 22, 대흥빌딩 1층 (역삼동)",서울특별시,강남구,37.50498119,127.0468081
스타벅스,논현힐탑,서울특별시 강남구 논현로 648 (논현동),서울특별시,강남구,37.51159269,127.0321931
스타벅스,도산가로수길,"서울특별시 강남구 도산대로 134, 2층 (논현동)",서울특별시,강남구,37.5173623,127.0232957
스타벅스,대치한티,서울특별시 강남구 선릉로 324 (대치동),서울특별시,강남구,37.4984818,127.052066
스타벅스,개포동,서울특별시 강남구 선릉로 34 (개포동),서울특별시,강남구,37.48285514,127.0607152
스타벅스,수서역사거리,서울특별시 강남구 광평로 280 (수서동),서울특별시,강남구,37.48732679,127.1031401
스타벅스,코엑스아셈타워,서울특별시 강남구 영동대로 517 (삼성동),서울특별시,강남구,37.513019,127.059838
스타벅스,센터필드R,서울특별시 강남구 테헤란로 231 (역삼동),서울특별시,강남구,37.50369465,127.0417208
스타벅스,도산사거리,서울특별시 강남구 언주로 727 (논현동),서울특별시,강남구,37.51966,127.0341
스타벅스,강남세곡,서울특별시 강남구 헌릉로569길 18 (세곡동),서울특별시,강남구,37.46727432,127.0999297
스타벅스,대치삼성,서울특별시 강남구 영동대로 237 (대치동),서울특별시,강남구,37.500313,127.066961
스타벅스,언주역,서울특별시 강남구 봉은사로 222 (역삼동),서울특별시,강남구,37.50777566,127.0365883
스타벅스,강남역신분당역사,서울특별시 강남구 강남대로 396 (역삼동),서울특별시,강남구,37.49705725,127.0281807
스타벅스,삼성역,서울특별시 강남구 테헤란로 620 (대치동),서울특별시,강남구,37.50920696,127.0656085
스타벅스,테헤란로아남타워,서울특별시 강남구 테헤란로 311 (역삼동),서울특별시,강남구,37.50383,127.04487
스타벅스,강남논현,서울특별시 강남구 강남대로 512 (논현동),서울특별시,강남구,37.50789786,127.0233386
스타벅스,삼성동,서울특별시 강남구 영동대로96길 12 (삼성동),서울특별시,강남구,37.51084337,127.0636334
스타벅스,청담역,서울특별시 강남구 삼성로 709 (청담동),서울특별시,강남구,37.51944073,127.0495527
스타벅스,압구정현대아파트,서울특별시 강남구 논현로175길 38 (신사동),서울특별시,강남구,37.52521971,127.0256602
스타벅스,역삼이마트,서울특별시 강남구 역삼로 310 (역삼동),서울특별시,강남구,37.499367,127.048425
스타벅스,강남세곡DT,서울특별시 강남구 헌릉로 727 (세곡동),서울특별시,강남구,37.46699381,127.1183308
스타벅스,미아뉴타운,서울특별시 강북구 삼양로 161 (미아동),서울특별시,강북구,37.618319,127.021072
스타벅스,강북구청사거리,서울특별시 강북구 도봉로 365 (수유동),서울특별시,강북구,37.63998786,127.0274331
스타벅스,미아사거리역,서울특별시 강북구 도봉로 32 (미아동),서울특별시,강북구,37.611809,127.0306971
스타벅스,수유역,서울특별시 강북구 도봉로 342 (번동),서울특별시,강북구,37.6380167,127.026135
스타벅스,미아역,서울특별시 강북구 도봉로 196 (미아동),서울특별시,강북구,37.626148,127.026578
스타벅스,파라스파라서울,서울특별시 강북구 삼양로 689 (우이동) 파라스파라서울 지하1층,서울특별시,강북구,37.6641955,127.0104073
스타벅스,발산역사거리,서울특별시 강서구 공항대로 248 (마곡동),서울특별시,강서구,37.558509,126.835096
스타벅스,마곡역,서울특별시 강서구 공항대로 168 (마곡동),서울특별시,강서구,37.559611,126.826298
스타벅스,우장산역,서울특별시 강서구 강서로 267 (내발산동),서울특별시,강서구,37.54951004,126.8360616
스타벅스,마곡사이언스타워R,서울특별시 강서구 마곡동로 62 (마곡동),서울특별시,강서구,37.5605261,126.833887
스타벅스,방화DT,서울특별시 강서구 방화대로 375 (방화동),서울특별시,강서구,37.57445683,126.8164881
스타벅스,마곡나루역,서울특별시 강서구 마곡중앙로 161-17 (마곡동),서울특별시,강서구,37.56813,126.82614
스타벅스,마곡GMG,"서울특별시 강서구 마곡중앙6로 16 (마곡동) 117,118,119,120호",서울특별시,강서구,37.560487,126.829667
스타벅스,가양역,서울특별시 강서구 양천로 476 (등촌동),서울특별시,강서구,37.56164,126.853327
스타벅스,화곡DT,서울특별시 강서구 등촌로 57 (화곡동),서울특별시,강서구,37.53501075,126.863188
스타벅스,양천향교역,서울특별시 강서구 강서로 463 (마곡동),서울특별시,강서구,37.566964,126.840731
스타벅스,화곡동,서울특별시 강서구 화곡로 142(화곡동),서울특별시,강서구,37.54061902,126.837388
스타벅스,등촌,서울특별시 강서구 공항대로 329 (등촌동),서울특별시,강서구,37.5582043,126.8443392
스타벅스,염창역,서울특별시 강서구 공항대로 627 (염창동),서울특별시,강서구,37.547359,126.874436
스타벅스,발산역,서울특별시 강서구 강서로 388 (등촌동) 그랜드마트,서울특별시,강서구,37.56033,126.839279
스타벅스,까치산역,서울특별시 강서구 강서로13길 3 (화곡동),서울특별시,강서구,37.53232351,126.8461233
스타벅스,염창대로,"서울특별시 강서구 양천로 744 (염창동), 101호",서울특별시,강서구,37.54854791,126.8782593
스타벅스,발산역5번출구,"서울특별시 강서구 강서로52길 43 (내발산동, DH647), 1층 일부",서울특별시,강서구,37.55792247,126.8405403
스타벅스,화곡역8번출구,"서울특별시 강서구 강서로 179 (화곡동), 1층 일부",서울특별시,강서구,37.54227921,126.8393
스타벅스,강서우장산,"서울특별시 강서구 강서로 231 (화곡동, 우장산역 해링턴 타워), 116/117/118/119/120호",서울특별시,강서구,37.54661115,126.8361133
스타벅스,등촌대로,"서울특별시 강서구 공항대로 543 (염창동, 센터스퀘어)",서울특별시,강서구,37.55101,126.86638
스타벅스,가양역사거리,"서울특별시 강서구 화곡로 416 (등촌동) 가양더스카이벨리5차 지식산업센터 101, 102, 114,~117호",서울특별시,강서구,37.56007,126.855372
스타벅스,내발산,"서울특별시 강서구 강서로 323 (내발산동), 101/102호",서울특별시,강서구,37.55467,126.83672
스타벅스,마곡웰튼,"서울특별시 강서구 마곡중앙5로 22 (마곡동), 104/105/106호",서울특별시,강서구,37.56714289,126.8253152
스타벅스,김포공항DT,서울특별시 강서구 개화동로 517 (방화동),서울특별시,강서구,37.56627942,126.8060664
스타벅스,강서NC,서울특별시 강서구 강서로56길 17 (등촌동),서울특별시,강서구,37.560088,126.840534
스타벅스,마곡나루공원,서울특별시 강서구 마곡중앙5로 47 (마곡동),서울특별시,강서구,37.567007,126.822246
스타벅스,송정역,"서울특별시 강서구 공항대로 38 (공항동), 1층 일부",서울특별시,강서구,37.56105571,126.8115099
스타벅스,강서구청사거리,서울특별시 강서구 화곡로 350 (화곡동),서울특별시,강서구,37.5549266,126.8523133
스타벅스,낙성대역,서울특별시 관악구 남부순환로 1908 (봉천동),서울특별시,관악구,37.47776013,126.9611426
스타벅스,관악서울대입구R,서울특별시 관악구 관악로 158 (봉천동),서울특별시,관악구,37.47932481,126.952702
스타벅스,신림DT,서울특별시 관악구 남부순환로 1419 (신림동),서울특별시,관악구,37.480935,126.908407
스타벅스,서울대역,서울특별시 관악구 남부순환로 1817 (봉천동),서울특별시,관악구,37.48166265,126.9520165
스타벅스,낙성대DT,서울특별시 관악구 남부순환로 1948 (봉천동),서울특별시,관악구,37.47624317,126.9651172
스타벅스,사당,서울특별시 관악구 남부순환로 2082-25,서울특별시,관악구,37.476137,126.980928
스타벅스,보라매대교,서울특별시 관악구 보라매로3길 23 (봉천동) 1층,서울특별시,관악구,37.491449,126.925432
스타벅스,신림,서울특별시 관악구 신림로 355-1 (신림동),서울특별시,관악구,37.48609493,126.9291602
스타벅스,신림타임스트림,서울특별시 관악구 신림로 330 타임스트림 1층,서울특별시,관악구,37.48407102,126.9302583
스타벅스,서울대입구역,서울특별시 관악구 남부순환로 1812 (봉천동),서울특별시,관악구,37.48120739,126.9514006
스타벅스,서울대입구역8번출구,서울특별시 관악구 남부순환로 1831 (봉천동),서울특별시,관악구,37.4812061,126.9536942
스타벅스,봉천역,서울특별시 관악구 남부순환로 1730 (봉천동),서울특별시,관악구,37.48203753,126.9422878
스타벅스,건국대,서울특별시 광진구 능동로 117 (화양동),서울특별시,광진구,37.5415592,127.0711244
스타벅스,어린이대공원역,서울특별시 광진구 능동로 243 (군자동),서울특별시,광진구,37.551946,127.076404
스타벅스,아차산역,서울특별시 광진구 천호대로 676 (구의동),서울특별시,광진구,37.55062797,127.0899642
스타벅스,올림픽대교북단,서울특별시 광진구 광나루로 608 (구의동),서울특별시,광진구,37.541129,127.09524
스타벅스,구의DT,서울특별시 광진구 광나루로 519 (구의동),서울특별시,광진구,37.54529839,127.0871967
스타벅스,자양사거리,서울특별시 광진구 아차산로 355,서울특별시,광진구,37.5371158,127.0825821
스타벅스,군자역,서울특별시 광진구 천호대로 548 (군자동) 중앙빌딩,서울특별시,광진구,37.55703974,127.0788807
스타벅스,광나루,"서울특별시 광진구 아차산로 607, 1,2층 (광장동)",서울특별시,광진구,37.54737112,127.1060487
스타벅스,건대스타시티,서울특별시 광진구 아차산로 262 (자양동),서울특별시,광진구,37.538544,127.073009
스타벅스,건대입구,서울특별시 광진구 능동로 107 (화양동),서울특별시,광진구,37.5406604,127.0707225
스타벅스,구의역,서울특별시 광진구 아차산로 373 (구의동),서울특별시,광진구,37.53698,127.084015
스타벅스,광장,서울특별시 광진구 아차산로 537-17 (광장동),서울특별시,광진구,37.54261258,127.0996405
스타벅스,건국클래식,서울특별시 광진구 능동로 90 (자양동) 더 클래식500,서울특별시,광진구,37.538466,127.071271
스타벅스,건대후문,서울특별시 광진구 능동로 172 (화양동),서울특별시,광진구,37.54603056,127.0738193
스타벅스,중곡역,"서울특별시 광진구 능동로 400 (중곡동) 1층 108,109,110,111,112,118 6개호실",서울특별시,광진구,37.56505701,127.0844523
스타벅스,자양이마트,서울특별시 광진구 아차산로 272 (자양동) 지하1층,서울특별시,광진구,37.537817,127.072597
스타벅스,자양역,"서울특별시 광진구 능동로 18 (자양동, 이튼타워리버3차)",서울특별시,광진구,37.53268464,127.0678785
스타벅스,화양삼거리,서울특별시 광진구 광나루로 374 (화양동),서울특별시,광진구,37.54774853,127.0712692
스타벅스,군자사거리,서울특별시 광진구 천호대로 549 (중곡동) 1층,서울특별시,광진구,37.55769507,127.0790879
스타벅스,금천구청역,"서울특별시 금천구 시흥대로73길 67 (시흥동), 엠메디컬타워 1층",서울특별시,금천구,37.45588673,126.8956825
스타벅스,가산에스케이,"서울특별시 금천구 가산디지털1로 171 (가산동), SK V1센터 1층",서울특별시,금천구,37.48082409,126.8810008
스타벅스,독산사거리,서울특별시 금천구 시흥대로 426 (독산동),서울특별시,금천구,37.47158263,126.8986055
스타벅스,금천시흥,서울특별시 금천구 시흥대로 164 (시흥동),서울특별시,금천구,37.44875938,126.9032388
스타벅스,가산디지털단지역,"서울특별시 금천구 벚꽃로 298 (가산동), 대륭포스트타워 6차 1층",서울특별시,금천구,37.48135375,126.8835891
스타벅스,금천독산,서울특별시 금천구 두산로 70 (독산동),서울특별시,금천구,37.46957081,126.8956578
스타벅스,가산디지털,"서울특별시 금천구 가산디지털1로 168 (가산동), 우림라이온스밸리 B동 1층",서울특별시,금천구,37.48005069,126.882469
스타벅스,마리오아울렛,서울특별시 금천구 벚꽃로 266 마리오아울렛3관,서울특별시,금천구,37.47860691,126.8848483
스타벅스,가산브이타워,"서울특별시 금천구 가산디지털1로 128 (가산동), V-TOWER 1층",서울특별시,금천구,37.4770041,126.8835506
스타벅스,가산그레이트,"서울특별시 금천구 디지털로9길 32, 갑을그레이트밸리 1층 (가산동)",서울특별시,금천구,37.4795508,126.8872719
스타벅스,독산역,"서울특별시 금천구 가산디지털1로 16 (가산동), 107-2, 1층",서울특별시,금천구,37.46770967,126.887674
스타벅스,가산퍼블릭,"서울특별시 금천구 디지털로 178 (가산동), B동 F Park 1층",서울특별시,금천구,37.47574363,126.886848
스타벅스,가산현대아울렛,"서울특별시 금천구 디지털로10길 9 (가산동), 1층 일부",서울특별시,금천구,37.47768044,126.8888406
스타벅스,가산케이에스,"서울특별시 금천구 벚꽃로36길 30 (가산동), 가산KS타워 1층",서울특별시,금천구,37.48089352,126.8851557
스타벅스,월계역,"서울특별시 노원구 초안산로2라길26 월계동(104,105,106호)",서울특별시,노원구,37.5,127.05
스타벅스,월계트레이더스,서울특별시 노원구 마들로3길 15 (월계동),서울특별시,노원구,37.62800551,127.0613542
스타벅스,상계초교사거리,서울특별시 노원구 노원로 449 (상계동),서울특별시,노원구,37.656776,127.066442
스타벅스,공릉DT,서울특별시 노원구 동일로 1015 (공릉동),서울특별시,노원구,37.6206884,127.0743116
스타벅스,노원마들역,"서울특별시 노원구 노원로 569 (상계동, 임광아파트)",서울특별시,노원구,37.66096975,127.057902
스타벅스,공릉역,서울특별시 노원구 동일로 1081 (공릉동),서울특별시,노원구,37.626337,127.072252
스타벅스,은행사거리,"서울특별시 노원구 중계로 217, 중흥빌딩 103,203호 (중계동)",서울특별시,노원구,37.65048737,127.0759861
스타벅스,노원KT,"서울특별시 노원구 노해로 502, (주)KT 노원사옥 (상계동)",서울특별시,노원구,37.654562,127.063617
스타벅스,광운대,서울특별시 노원구 석계로 104 (월계동),서울특별시,노원구,37.6231479,127.0607009
스타벅스,중계역,"서울특별시 노원구 동일로 1339, 대한빌딩 (상계동)",서울특별시,노원구,37.64817,127.062244
스타벅스,노원역,서울특별시 노원구 동일로 1413 (상계동) 1층,서울특별시,노원구,37.654751,127.060034
스타벅스,월계이마트,서울특별시 노원구 마들로3길 15 (월계동),서울특별시,노원구,37.62654555,127.0620327
스타벅스,태릉입구역DT,서울특별시 노원구 화랑로 469 (공릉동),서울특별시,노원구,37.61942,127.07932
스타벅스,노원상계,서울특별시 노원구 동일로215길 2 (상계동),서울특별시,노원구,37.651535,127.061026
스타벅스,창동이마트,서울특별시 도봉구 노해로65길 4 (창동),서울특별시,도봉구,37.65165849,127.046866
스타벅스,쌍문역,서울특별시 도봉구 도봉로 480 (창동),서울특별시,도봉구,37.648456,127.034783
스타벅스,도봉구청,서울특별시 도봉구 마들로 665 (도봉동),서울특별시,도봉구,37.66950348,127.046038
스타벅스,쌍문도봉로,서울특별시 도봉구 도봉로 444 (창동),서울특별시,도봉구,37.6453516,127.0331011
스타벅스,도봉로DT,서울특별시 도봉구 도봉로 635 (쌍문동),서울특별시,도봉구,37.66118059,127.0416301
스타벅스,방학역,"서울특별시 도봉구 도봉로 684 (방학동)101,102,113,114,115호",서울특별시,도봉구,37.6653125,127.0433125
스타벅스,창동역,서울특별시 도봉구 마들로13길 61 (창동),서울특별시,도봉구,37.65450211,127.0496725
스타벅스,노량진동,"서울특별시 동작구 노량진로 190 (노량진동, 고려교육타워-어바니엘한강) 101호~105호",서울특별시,동작구,37.513068,126.946537
스타벅스,남성역,서울특별시 동작구 사당로 219 (사당동),서울특별시,동작구,37.4841198,126.9725739
스타벅스,상도역,서울특별시 동작구 상도로37길 1 (상도1동),서울특별시,동작구,37.5031936,126.9484581
스타벅스,보라매공원R,"서울특별시 동작구 보라매로5길 35 (신대방동, 파크스퀘어,보라매현대APT)",서울특별시,동작구,37.49191014,126.9235484
스타벅스,이수자이,서울특별시 동작구 사당로 300 (사당동 이수자이),서울특별시,동작구,37.484414,126.980047
스타벅스,노량진역,서울특별시 동작구 노량진로 134 (노량진동),서울특별시,동작구,37.51339,126.940879
스타벅스,신대방삼거리역,서울특별시 동작구 상도로 102 (상도동),서울특별시,동작구,37.50034872,126.9319876
스타벅스,중앙대,서울특별시 동작구 흑석로 75-1 (흑석동),서울특별시,동작구,37.506933,126.958125
스타벅스,숭실대입구역,서울특별시 동작구 상도로 354 (상도동),서울특별시,동작구,37.4968346,126.9527123
스타벅스,숭실대,서울특별시 동작구 사당로 4 (상도동),서울특별시,동작구,37.49538073,126.9548891
스타벅스,사당역,"서울특별시 동작구 동작대로 21, 양지빌딩 1-3층 (사당동)",서울특별시,동작구,37.47849216,126.9813456
스타벅스,서강대프라자,서울특별시 마포구 백범로 35 (신수동),서울특별시,마포구,37.551073,126.943096
스타벅스,상암YTN,서울특별시 마포구 상암산로 76 (상암동),서울특별시,마포구,37.57931427,126.8922104
스타벅스,마포용강동,서울특별시 마포구 토정로 295 (용강동),서울특별시,마포구,37.541186,126.942209
스타벅스,홍대입구역사거리R,서울특별시 마포구 양화로 125 (서교동),서울특별시,마포구,37.554636,126.92036
스타벅스,마포경찰서후문,서울특별시 마포구 마포대로 173-14 (아현동),서울특별시,마포구,37.5508,126.953432
스타벅스,공덕,서울특별시 마포구 마포대로 130 (공덕동),서울특별시,마포구,37.545913,126.952956
스타벅스,합정폴리스R,"서울특별시 마포구 양화로 45 (서교동, 메세나폴리스)",서울특별시,마포구,37.5509,126.9134
스타벅스,홍대공항철도역,서울특별시 마포구 양화로 178 (동교동),서울특별시,마포구,37.557491,126.925146
스타벅스,마포염리,서울특별시 마포구 독막로 311 (염리동),서울특별시,마포구,37.543876,126.94768
스타벅스,서강광흥창역,서울특별시 마포구 서강로 69 (창전동),서울특별시,마포구,37.549377,126.931661
스타벅스,합정,"서울특별시 마포구 월드컵로1길 14 (합정동) 마포한강푸르지오 110, 111, 112-2",서울특별시,마포구,37.54997888,126.9125404
스타벅스,서강대흥역,서울특별시 마포구 백범로 89-5 (대흥동),서울특별시,마포구,37.548178,126.941576
스타벅스,서교동사거리,서울특별시 마포구 양화로 105 (서교동),서울특별시,마포구,37.553376,126.918564
스타벅스,상암사보이시티,서울특별시 마포구 월드컵북로54길 17 (상암동),서울특별시,마포구,37.58146221,126.8887855
스타벅스,신촌오거리,서울특별시 마포구 신촌로16길 10 (노고산동),서울특별시,마포구,37.555137,126.934694
스타벅스,상암디지털큐브,서울특별시 마포구 상암산로 34,서울특별시,마포구,37.57613522,126.8889264
스타벅스,상수역,서울특별시 마포구 독막로 88 (상수동),서울특별시,마포구,37.5474817,126.9232158
스타벅스,공덕오거리,서울특별시 마포구 마포대로 86 (도화동) 창강빌딩,서울특별시,마포구,37.5,127.05
스타벅스,서강대,서울특별시 마포구 백범로 23 (신수동),서울특별시,마포구,37.5524584,126.9378262
스타벅스,상암MBC,서울특별시 마포구 성암로 267 (상암동),서울특별시,마포구,37.58094224,126.8915854
스타벅스,홍대역,"서울특별시 마포구 양화로 165, 상진빌딩 1층 (동교동)",서울특별시,마포구,37.557175,126.923654
스타벅스,동교,"서울특별시 마포구 월드컵북로 22, 영준빌딩 1층 (동교동)",서울특별시,마포구,37.5,127.05
스타벅스,애오개역,"서울특별시 마포구 마포대로 201, 마포트라팰리스II (아현동)",서울특별시,마포구,37.55232078,126.9556945
스타벅스,상암DMC,"서울특별시 마포구 월드컵북로 375, DMC이안오피스텔1단지 102호,202호 (상암동)",서울특별시,마포구,37.57770032,126.8909364
스타벅스,마포일진빌딩,"서울특별시 마포구 마포대로 45, 일진빌딩 1층 (도화동)",서울특별시,마포구,37.54043451,126.9463168
스타벅스,마포아크로,서울특별시 마포구 마포대로 68 (도화동) 마포아크로타워,서울특별시,마포구,37.54133484,126.9488666
스타벅스,홍대삼거리,서울특별시 마포구 와우산로 64 (상수동),서울특별시,마포구,37.55024764,126.9232823
스타벅스,망원역,서울특별시 마포구 월드컵로 74 (서교동),서울특별시,마포구,37.555829,126.910637
스타벅스,마포이마트,서울특별시 마포구 백범로 212 (신공덕동) 마포이마트,서울특별시,마포구,37.542421,126.953341
스타벅스,합정메세나몰,"서울특별시 마포구 양화로 45 (서교동, 메세나폴리스)",서울특별시,마포구,37.55005847,126.9135588
스타벅스,아현역대로,서울특별시 마포구 신촌로 262 (아현동),서울특별시,마포구,37.557097,126.954834
스타벅스,디지털미디어시티역,서울특별시 마포구 성암로 179 (상암동),서울특별시,마포구,37.57614873,126.8989479
스타벅스,홍대역8번출구,서울특별시 마포구 양화로 166 (동교동),서울특별시,마포구,37.5567435,126.9241665
스타벅스,합정푸르지오,"서울특별시 마포구 월드컵로3길 14 (합정동, 마포 한강 2차 푸르지오)",서울특별시,마포구,37.55094291,126.9124827
스타벅스,홍대동교,서울특별시 마포구 양화로 192 (동교동),서울특별시,마포구,37.55832805,126.9262465
스타벅스,망원한강공원,서울특별시 마포구 마포나루길 435 (망원동),서울특별시,마포구,37.55397485,126.8959278
스타벅스,마포구청역,서울특별시 마포구 월드컵로 200 (성산동) 1층 일부,서울특별시,마포구,37.56495699,126.9025546
스타벅스,가재울뉴타운,"서울특별시 서대문구 가재울미래로 2 (남가좌동, DMC파크뷰자이2단지별동상가1층)",서울특별시,서대문구,37.57507214,126.9163599
스타벅스,남가좌사거리,"서울특별시 서대문구 거북골로 84 (남가좌동, DMC에코자이104동)",서울특별시,서대문구,37.577386,126.920815
스타벅스,신촌역,서울특별시 서대문구 신촌로 73 (창천동),서울특별시,서대문구,37.55625738,126.934653
스타벅스,연희동,서울특별시 서대문구 연희로 97 (연희동),서울특별시,서대문구,37.566702,126.930475
스타벅스,아현역,"서울특별시 서대문구 신촌로35길 10 (북아현동, e편한세상신촌 4단지)",서울특별시,서대문구,37.558421,126.956349
스타벅스,홍제역,서울특별시 서대문구 통일로 451 (홍제동),서울특별시,서대문구,37.588658,126.943864
스타벅스,연세백양로,서울특별시 서대문구 연세로 50 (신촌동) 연세대학교,서울특별시,서대문구,37.56287446,126.93744
스타벅스,연희DT,서울특별시 서대문구 연희로 144 (연희동),서울특별시,서대문구,37.5702143,126.9339777
스타벅스,경기대,서울특별시 서대문구 충정로 53 (충정로2가),서울특별시,서대문구,37.56367995,126.9646045
스타벅스,신촌,서울특별시 서대문구 연세로 10-1 (창천동),서울특별시,서대문구,37.55648577,126.9371155
스타벅스,이대R,서울특별시 서대문구 이화여대길 34 (대현동),서울특별시,서대문구,37.55848315,126.9459643
스타벅스,연세종합관,"서울특별시 서대문구 연세로 50, 연세세브란스 종합관 (신촌동)",서울특별시,서대문구,37.56146854,126.9411197
스타벅스,이대ECC,서울특별시 서대문구 이화여대길 52 (대현동) 이화여자대학교 B415호,서울특별시,서대문구,37.561631,126.94735
스타벅스,연대,서울특별시 서대문구 연세로 35 (창천동),서울특별시,서대문구,37.558706,126.936727
스타벅스,충정로역,서울특별시 서대문구 충정로 23,서울특별시,서대문구,37.56137,126.963219
스타벅스,연대동문,서울특별시 서대문구 성산로 565 (대신동),서울특별시,서대문구,37.56648507,126.9463253
스타벅스,신촌명물거리,"서울특별시 서대문구 명물길 24, 1-5층 (창천동)",서울특별시,서대문구,37.55776843,126.9381545
스타벅스,충정타워,"서울특별시 서대문구 서소문로 21, 충정타워빌딩 1층 (충정로3가)",서울특별시,서대문구,37.559869,126.96411
스타벅스,이대역,서울특별시 서대문구 신촌로 183 (대현동),서울특별시,서대문구,37.5570861,126.9462802
스타벅스,북가좌DT,서울특별시 서대문구 응암로 85 (북가좌동),서울특별시,서대문구,37.580758,126.911478
스타벅스,현대신촌,서울특별시 서대문구 신촌로 83 (창천동),서울특별시,서대문구,37.55608306,126.9358449
스타벅스,방배로,서울특별시 서초구 방배로 52 (방배동),서울특별시,서초구,37.4793434,126.9994968
스타벅스,강남교보타워R,서울특별시 서초구 강남대로 465 (서초동),서울특별시,서초구,37.50371078,127.0243353
스타벅스,방배다이치빌딩,서울특별시 서초구 방배로 114 (방배동),서울특별시,서초구,37.484329,126.995872
스타벅스,센트럴F1,서울특별시 서초구 신반포로 176 (반포동),서울특별시,서초구,37.505148,127.004395
스타벅스,서초역이화빌딩,서울특별시 서초구 반포대로21길 3 (서초동),서울특별시,서초구,37.487931,127.009126
스타벅스,서초구청,서울특별시 서초구 남부순환로 2557 (서초동),서울특별시,서초구,37.48435384,127.0300905
스타벅스,서초우성사거리,서울특별시 서초구 강남대로 343 (서초동),서울특별시,서초구,37.493545,127.02943
스타벅스,이수역사거리,"서울특별시 서초구 서초대로 3-4 (방배동, 방배디오슈페리움1)",서울특별시,서초구,37.48585,126.983027
스타벅스,강남대로신사,서울특별시 서초구 강남대로 595 (잠원동),서울특별시,서초구,37.51489,127.019469
스타벅스,서울고속터미널,서울특별시 서초구 신반포로 194 (반포동),서울특별시,서초구,37.504406,127.005648
스타벅스,방배,서울특별시 서초구 방배로 211,서울특별시,서초구,37.491914,126.9904974
스타벅스,방배카페거리,서울특별시 서초구 방배중앙로 162 (방배동),서울특별시,서초구,37.4934767,126.9865297
스타벅스,서초법원,서울특별시 서초구 서초대로 274 (서초동),서울특별시,서초구,37.49297,127.011875
스타벅스,청계산입구역,서울특별시 서초구 청계산로 203 (신원동),서울특별시,서초구,37.447323,127.05625
스타벅스,사당로데오,서울특별시 서초구 방배천로 5-4(방배동),서울특별시,서초구,37.4772752,126.9821605
스타벅스,파미에파크R,서울특별시 서초구 사평대로 205 (반포동) CENTRALCITY,서울특별시,서초구,37.5030521,127.004362
스타벅스,양재역,서울특별시 서초구 강남대로 202 (양재동) 모산빌딩,서울특별시,서초구,37.48237953,127.0368534
스타벅스,논현역,서울특별시 서초구 강남대로 557 (잠원동) 1~2층,서울특별시,서초구,37.51143761,127.0205487
스타벅스,이수역,서울특별시 서초구 동작대로 112 (방배동),서울특별시,서초구,37.4864664,126.9827403
스타벅스,내방역,서울특별시 서초구 방배로 184 (방배동) 대풍빌딩,서울특별시,서초구,37.490004,126.992455
스타벅스,서초파라곤,서울특별시 서초구 서초대로74길 29 (서초동) 서초파라곤,서울특별시,서초구,37.49563031,127.0270931
스타벅스,서울아트센터,서울특별시 서초구 남부순환로 2395 (서초동) 호경빌딩,서울특별시,서초구,37.480866,127.012368
스타벅스,서초중앙로,서울특별시 서초구 서초중앙로 225,서울특별시,서초구,37.501691,127.01152
스타벅스,센트럴시티,서울특별시 서초구 신반포로 176 (반포동),서울특별시,서초구,37.504707,127.004459
스타벅스,강남삼성타운,서울특별시 서초구 서초대로78길 24 (서초동),서울특별시,서초구,37.49562035,127.0277144
스타벅스,방배역,서울특별시 서초구 방배로 84 (방배동),서울특별시,서초구,37.48200755,126.9976438
스타벅스,반포역,서울특별시 서초구 신반포로 257 (잠원동) 신반포11차상가,서울특별시,서초구,37.508589,127.011959
스타벅스,남부터미널,"서울특별시 서초구 서초중앙로 26, 래미안서초유니빌 1층 101호 (서초동)",서울특별시,서초구,37.48467334,127.0169464
스타벅스,뉴코아강남,서울특별시 서초구 잠원로 69 (잠원동) 킴스클럽,서울특별시,서초구,37.51031339,127.0069582
스타벅스,강남서초초교,"서울특별시 서초구 서초대로77길 27, 유빌딩 1,2층 (서초동)",서울특별시,서초구,37.5000875,127.0254909
스타벅스,교대,서울특별시 서초구 서초중앙로 118 (서초동),서울특별시,서초구,37.4923611,127.0142207
스타벅스,하이브랜드,"서울특별시 서초구 매헌로 16, 리빙관 101호 (양재동)",서울특별시,서초구,37.46252023,127.036668
스타벅스,신논현역,서울특별시 서초구 강남대로 483 (반포동) 청호빌딩,서울특별시,서초구,37.50529,127.023636
스타벅스,영동2교,"서울특별시 서초구 논현로 139, 대흥빌딩 (양재동)",서울특별시,서초구,37.48203954,127.0425748
스타벅스,남부터미널역5번출구,서울특별시 서초구 효령로 274 (서초동),서울특별시,서초구,37.48436736,127.0142192
스타벅스,서래마을입구,서울특별시 서초구 서래로 48 (반포동),서울특별시,서초구,37.49925284,126.9984801
스타벅스,몬테소리,서울특별시 서초구 강남대로 399 (서초동),서울특별시,서초구,37.4982695,127.026865
스타벅스,서초역,서울특별시 서초구 반포대로 118 (서초동),서울특별시,서초구,37.49067495,127.0086118
스타벅스,교대법원,서울특별시 서초구 서초중앙로 164 (서초동),서울특별시,서초구,37.496329,127.013336
스타벅스,강남GT타워,"서울특별시 서초구 서초대로 411, GT타워 (서초동)",서울특별시,서초구,37.49790791,127.0261626
스타벅스,서초동,"서울특별시 서초구 남부순환로339길 64, 현우빌딩 1층 (서초동)",서울특별시,서초구,37.485941,127.021525
스타벅스,서울교대,"서울특별시 서초구 서초중앙로 64, 1층 (서초동)",서울특별시,서초구,37.487397,127.015134
스타벅스,강남에비뉴,"서울특별시 서초구 서초대로77길 62, 강남역아이파크 B102~B105 (서초동)",서울특별시,서초구,37.50257781,127.0241059
스타벅스,반포자이,서울특별시 서초구 잠원로 24 (반포동),서울특별시,서초구,37.50717048,127.0099189
스타벅스,반포원베일리,서울특별시 서초구 반포대로 291 (반포동),서울특별시,서초구,37.50465708,126.999033
스타벅스,강남역우송빌딩,서울특별시 서초구 서초대로73길 7 (서초동),서울특별시,서초구,37.49813146,127.0252791
스타벅스,서이초교사거리,서울특별시 서초구 사임당로 143 (서초동),서울특별시,서초구,37.4918146,127.0252252
스타벅스,서울웨이브아트센터,서울특별시 서초구 잠원로 145-35 (잠원동),서울특별시,서초구,37.518807,127.00704
스타벅스,길음역,서울특별시 성북구 정릉로 376 (돈암동),서울특별시,성북구,37.602139,127.025271
스타벅스,미아이마트,서울특별시 성북구 도봉로 17 (길음동),서울특별시,성북구,37.610678,127.029921
스타벅스,종암DT,서울특별시 성북구 종암로 17 (종암동),서울특별시,성북구,37.5919525,127.0360401
스타벅스,미아,서울특별시 성북구 동소문로 314 (하월곡동),서울특별시,성북구,37.607581,127.029303
스타벅스,성신여대정문,서울특별시 성북구 보문로34길 62 (동선동2가),서울특별시,성북구,37.59091,127.0188
스타벅스,종암,서울특별시 성북구 종암로 122 (종암동),서울특별시,성북구,37.601095,127.033847
스타벅스,삼선교,서울특별시 성북구 동소문로 10 (동소문동2가),서울특별시,성북구,37.588696,127.0073207
스타벅스,월곡역,"서울특별시 성북구 화랑로 76, 101-1호 (하월곡동)",서울특별시,성북구,37.601718,127.040446
스타벅스,고대,서울특별시 성북구 고려대로24길 51 (안암동5가),서울특별시,성북구,37.58397192,127.0297352
스타벅스,현대미아,서울특별시 성북구 동소문로 315 (길음동) 지하1층,서울특별시,성북구,37.60837822,127.0287483
스타벅스,성신여대,서울특별시 성북구 동소문로24길 12 (동선동1가),서울특별시,성북구,37.593135,127.018379
스타벅스,안암역,서울특별시 성북구 고려대로 102-2 (안암동5가),서울특별시,성북구,37.586319,127.030556
스타벅스,한성대입구역,서울특별시 성북구 성북로 11 (성북동1가),서울특별시,성북구,37.589054,127.004839
스타벅스,고대안암병원,서울특별시 성북구 고려대로 73 (안암동5가),서울특별시,성북구,37.5868789,127.0282033
스타벅스,장위뉴타운,서울특별시 성북구 장월로38길 4 (장위동),서울특별시,성북구,37.61807232,127.0515285
스타벅스,성신여대입구역,서울특별시 성북구 동소문로 105 (동선동4가),서울특별시,성북구,37.59305,127.0167
스타벅스,송파나루역DT,서울특별시 송파구 오금로 142 (송파동),서울특별시,송파구,37.51098709,127.1101186
스타벅스,송파헬리오시티,"서울특별시 송파구 송파대로 345 (가락동, 헬리오시티)",서울특별시,송파구,37.49778269,127.102852
스타벅스,잠실시그마타워,서울특별시 송파구 올림픽로 289 (신천동),서울특별시,송파구,37.514567,127.102493
스타벅스,문정법원로R,서울특별시 송파구 송파대로 201 (문정동),서울특별시,송파구,37.48735627,127.1191198
스타벅스,송파개롱역,서울특별시 송파구 오금로 420 (가락동),서울특별시,송파구,37.496956,127.13652
스타벅스,문정하비오,"서울특별시 송파구 송파대로 111 (문정동, 파크하비오) 204동 104호~107호",서울특별시,송파구,37.48211913,127.1235407
스타벅스,문정역,"서울특별시 송파구 송파대로 167 (문정동)테라타워 B동 137호~139호,204호",서울특별시,송파구,37.4852965,127.1222768
스타벅스,잠실대교남단R,서울특별시 송파구 송파대로 570 타워 730 1층,서울특별시,송파구,37.515511,127.099006
스타벅스,송파위례,"서울특별시 송파구 위례광장로 230 (장지동, 위례2차아이파크)",서울특별시,송파구,37.478416,127.143161
스타벅스,송파방이DT,서울특별시 송파구 오금로 241 (방이동),서울특별시,송파구,37.506564,127.120495
스타벅스,올림픽평화의문,서울특별시 송파구 위례성대로 38 (방이동) 해태그린피아빌라트,서울특별시,송파구,37.5156426,127.1164819
스타벅스,송파아이파크,서울특별시 송파구 법원로 55 (문정동),서울특별시,송파구,37.47979344,127.1224204
스타벅스,송파사거리,서울특별시 송파구 송파대로 386 (송파동),서울특별시,송파구,37.5022788,127.1103904
스타벅스,석촌서호,서울특별시 송파구 석촌호수로 176 (삼전동),서울특별시,송파구,37.5063929,127.0964684
스타벅스,문정로데오,서울특별시 송파구 동남로 141 (가락동),서울특별시,송파구,37.49185843,127.126231
스타벅스,올림픽훼미리,서울특별시 송파구 중대로 68 (문정동),서울특별시,송파구,37.49161638,127.1162657
스타벅스,올림픽공원남문,서울특별시 송파구 위례성대로 102 (방이동),서울특별시,송파구,37.5133,127.123113
스타벅스,방이역,"서울특별시 송파구 마천로 53, 1~2층 (오금동)",서울특별시,송파구,37.50849041,127.1267765
스타벅스,석촌호수,서울특별시 송파구 석촌호수로 262 (송파동),서울특별시,송파구,37.50957859,127.1053264
스타벅스,잠실푸르지오월드,"서울특별시 송파구 올림픽로35가길 9, 잠실푸르지오월드마크 1층 (신천동)",서울특별시,송파구,37.517649,127.103426
스타벅스,잠실새내역,서울특별시 송파구 올림픽로 96 (잠실동),서울특별시,송파구,37.511679,127.081062
스타벅스,잠실역,"서울특별시 송파구 송파대로 562 (신천동, 웰리스타워,삼성웰리스아파트) 1층,2층",서울특별시,송파구,37.515272,127.099231
스타벅스,갤러리아팰리스,"서울특별시 송파구 올림픽로 212, 갤러리아 팰리스 (잠실동)",서울특별시,송파구,37.51108365,127.0938059
스타벅스,아시아선수촌,서울특별시 송파구 백제고분로 69 (잠실동),서울특별시,송파구,37.51059,127.079047
스타벅스,올림픽아파트,서울특별시 송파구 양재대로 1220 (방이동),서울특별시,송파구,37.515315,127.133237
스타벅스,가락본동,서울특별시 송파구 송파대로30길 13 (가락동),서울특별시,송파구,37.49481239,127.1188348
스타벅스,석촌역,"서울특별시 송파구 백제고분로 358, 1층 (석촌동)",서울특별시,송파구,37.5042626,127.1061077
스타벅스,가락시장역,"서울특별시 송파구 중대로 121, 롯데캐슬 파인힐 1층 (가락동)",서울특별시,송파구,37.49442876,127.1217432
스타벅스,가든파이브,서울특별시 송파구 충민로 10 (문정동) 가든파이브툴,서울특별시,송파구,37.47797468,127.1211852
스타벅스,문정역2번출구,서울특별시 송파구 문정로 1 (문정동),서울특별시,송파구,37.4862934,127.1232027
스타벅스,잠실본동,"서울특별시 송파구 백제고분로 91 (잠실동), 1층",서울특별시,송파구,37.50864459,127.079491
스타벅스,송파NC,서울특별시 송파구 충민로 66 (문정동)  가든파이브라이프 패션관1층,서울특별시,송파구,37.47804419,127.1258008
스타벅스,송파거여역,서울특별시 송파구 오금로 493 (거여동),서울특별시,송파구,37.49360001,127.1436454
스타벅스,몽촌토성역,서울특별시 송파구 위례성대로 6 (방이동),서울특별시,송파구,37.516913,127.113127
스타벅스,송파KT,"서울특별시 송파구 잠실로 209 (신천동), 오피스빌딩 1층 2~4호",서울특별시,송파구,37.51389579,127.1070042
스타벅스,문정법조타운 한양타워,서울특별시 송파구 법원로11길 12 (문정동),서울특별시,송파구,37.48579659,127.1178142
스타벅스,송파마천사거리DT,서울특별시 송파구 거마로 78 (마천동),서울특별시,송파구,37.499829,127.147672
스타벅스,목동파리공원,서울특별시 양천구 목동동로 377 (목동),서울특별시,양천구,37.535336,126.878852
스타벅스,등촌역,서울특별시 양천구 공항대로 566 (목동) 1층 2층,서울특별시,양천구,37.548884,126.86807
스타벅스,목동행복한,서울특별시 양천구 목동동로 309 (목동),서울특별시,양천구,37.52935596,126.8758921
스타벅스,신정DT,서울특별시 양천구 신월로 341 (신정동),서울특별시,양천구,37.521993,126.858865
스타벅스,목동역,서울특별시 양천구 목동로 203 (신정동) 1층일부,서울특별시,양천구,37.526684,126.863986
스타벅스,목동오목로,"서울특별시 양천구 오목로 279 (목동) 102,103,104,105호",서울특별시,양천구,37.525923,126.868438
스타벅스,목동8단지,서울특별시 양천구 목동서로 299 (신정동),서울특별시,양천구,37.520518,126.868841
스타벅스,오목교역,서울특별시 양천구 오목로 354 (목동),서울특별시,양천구,37.52385593,126.8764499
스타벅스,신월IC DT,서울특별시 양천구 남부순환로 430 (신월동),서울특별시,양천구,37.52950244,126.8322023
스타벅스,목동7단지,서울특별시 양천구 목동서로 213 (목동) 세신비젼프라자,서울특별시,양천구,37.528012,126.87053
스타벅스,목동5단지,"서울특별시 양천구 목동동로 411, 1동 116호(목동, 부영그린타운3차)",서울특별시,양천구,37.53638564,126.8821175
스타벅스,목동,서울특별시 양천구 목동서로 67 (목동) 우성에펠타운,서울특별시,양천구,37.53638383,126.8785597
스타벅스,현대목동,"서울특별시 양천구 목동동로 257 (목동, 현대하이페리온) 지하2층",서울특별시,양천구,37.526848,126.875023
스타벅스,목동SBS,"서울특별시 양천구 목동서로 161 (목동), 1/2층 일부",서울특별시,양천구,37.52896162,126.8736301
스타벅스,목동트라팰리스,서울특별시 양천구 오목로 299 (목동),서울특별시,양천구,37.5255,126.8702
스타벅스,목동10단지,"서울특별시 양천구 목동서로 401 (신정동, 대림아크로빌), 상가A동 101,101-1호",서울특별시,양천구,37.51542562,126.8596031
스타벅스,신월동DT,서울특별시 양천구 남부순환로 319 (신월동),서울특별시,양천구,37.53829235,126.8271014
스타벅스,타임스퀘어R,서울특별시 영등포구 영중로 15 지하 1층 (영등포동4가),서울특별시,영등포구,37.51755,126.90516
스타벅스,샛강역,서울특별시 영등포구 여의대방로 376 (여의도동),서울특별시,영등포구,37.5183551,126.9312716
스타벅스,영등포역,서울특별시 영등포구 경인로 870 (영등포동1가),서울특별시,영등포구,37.51699962,126.9090666
스타벅스,당산대로,서울특별시 영등포구 양평로 22 (당산동6가),서울특별시,영등포구,37.533121,126.903804
스타벅스,여의도IFC몰(L1)R,서울특별시 영등포구 국제금융로 10 (여의도동)  지하1층 178호,서울특별시,영등포구,37.52538632,126.9260652
스타벅스,여의도KBS R,서울특별시 영등포구 의사당대로 26 (여의도동),서울특별시,영등포구,37.526596,126.918456
스타벅스,여의도화재보험,서울특별시 영등포구 국제금융로6길 38 (여의도동),서울특별시,영등포구,37.521345,126.926004
스타벅스,국회대로,서울특별시 영등포구 국회대로 786 (여의도동),서울특별시,영등포구,37.53026,126.919549
스타벅스,영등포KT,서울특별시 영등포구 영중로 119 (영등포동8가),서울특별시,영등포구,37.526419,126.905314
스타벅스,여의도공원R,서울특별시 영등포구 여의공원로 101 (여의도동),서울특별시,영등포구,37.52912953,126.9253573
스타벅스,국회의사당역,서울특별시 영등포구 의사당대로 8 (여의도동),서울특별시,영등포구,37.5,127.05
스타벅스,여의도역R,서울특별시 영등포구 의사당대로 83 (여의도동) 1층,서울특별시,영등포구,37.523328,126.923439
스타벅스,선유동이레빌딩,서울특별시 영등포구 선유동2로 57 (양평제1동) 이레빌딩,서울특별시,영등포구,37.53427768,126.8969763
스타벅스,동여의도,서울특별시 영등포구 국제금융로 86 (여의도동) 롯데캐슬 아이비,서울특별시,영등포구,37.52063016,126.9316864
스타벅스,여의도ABL타워,서울특별시 영등포구 의사당대로 147 (여의도동) 알리안츠타워,서울특별시,영등포구,37.518749,126.92779
스타벅스,영등포신길,"서울특별시 영등포구 신길로 137 (신길동) 1,2층",서울특별시,영등포구,37.504566,126.910073
스타벅스,문래역,서울특별시 영등포구 당산로 34 (문래동3가),서울특별시,영등포구,37.517446,126.895258
스타벅스,당산,서울특별시 영등포구 양평로 64 (당산동6가),서울특별시,영등포구,37.53499432,126.9000047
스타벅스,여의도한양증권,서울특별시 영등포구 국제금융로6길 7 (여의도동) 한양증권,서울특별시,영등포구,37.52253876,126.9291054
스타벅스,여의도일신,서울특별시 영등포구 은행로 11 (여의도동) 1층 1부,서울특별시,영등포구,37.52774993,126.9202762
스타벅스,하이테크시티,서울특별시 영등포구 경인로 775 (문래동3가) 에이스하이테크시티,서울특별시,영등포구,37.51445587,126.8998794
스타벅스,여의도,서울특별시 영등포구 국제금융로2길 28 (여의도동),서울특별시,영등포구,37.52403519,126.9245179
스타벅스,롯데캐슬여의도,"서울특별시 영등포구 의사당대로 127 (여의도동, 롯데캐슬엠파이어) 1층 104호",서울특별시,영등포구,37.52025214,126.9263678
스타벅스,문래동,"서울특별시 영등포구 선유로 64, 대창타운빌 1층 (문래동3가)",서울특별시,영등포구,37.519602,126.889652
스타벅스,여의도호성,"서울특별시 영등포구 여의대방로65길 24, 호성빌딩 1층 (여의도동)",서울특별시,영등포구,37.52047102,126.9292064
스타벅스,타임스퀘어B2,"서울특별시 영등포구 영중로 15, 지하2층 (영등포동4가)",서울특별시,영등포구,37.51681041,126.9033631
스타벅스,영등포본동,서울특별시 영등포구 영등포로 254 (영등포동3가),서울특별시,영등포구,37.518713,126.909559
스타벅스,타임스퀘어2F,서울특별시 영등포구 영중로 15 지상2층 (영등포동4가),서울특별시,영등포구,37.51692298,126.903312
스타벅스,여의도의사당,서울특별시 영등포구 국회대로74길 12 (여의도동),서울특별시,영등포구,37.530023,126.92109
스타벅스,여의도IFC(1F),서울특별시 영등포구 국제금융로 10 (여의도동),서울특별시,영등포구,37.525273,126.924668
스타벅스,여의도교직원공제회,서울특별시 영등포구 여의나루로 50 (여의도동),서울특별시,영등포구,37.5219149,126.9255879
스타벅스,선유도역 1번출구,서울특별시 영등포구 양평로 128 (양평동5가)양평로 128,서울특별시,영등포구,37.538333,126.893612
스타벅스,영등포시장역,서울특별시 영등포구 영중로 79 (영등포동7가),서울특별시,영등포구,37.52349265,126.9049778
스타벅스,영등포구청역,서울특별시 영등포구 국회대로 558 ,서울특별시,영등포구,37.52789,126.89608
스타벅스,서울양평역,"서울특별시 영등포구 선유서로24길 6 (양평동1가, 영등포 중흥 S-CLASS)",서울특별시,영등포구,37.523128,126.885809
스타벅스,영등포시장교차로,서울특별시 영등포구 영중로 45 (영등포동6가),서울특별시,영등포구,37.5204239,126.904446
스타벅스,더현대서울(B2)R,서울특별시 영등포구 여의대로 108 (여의도동),서울특별시,영등포구,37.52588346,126.9286582
스타벅스,여의도브라이튼,"서울특별시 영등포구 국제금융로 39 (여의도동, 브라이튼 여의도), 1층",서울특별시,영등포구,37.52410062,126.9298173
스타벅스,여의도TP타워,서울특별시 영등포구 의사당대로 96 (여의도동),서울특별시,영등포구,37.52162494,126.9230203
스타벅스,당산역사거리,서울특별시 영등포구 양평로 47 (당산동5가),서울특별시,영등포구,37.53409659,126.9012137
스타벅스,신풍역,서울특별시 영등포구 신풍로 23 (신길동),서울특별시,영등포구,37.50034696,126.9084384
스타벅스,불광역,서울특별시 은평구 통일로 715 (대조동),서울특별시,은평구,37.609382,126.9303971
스타벅스,구파발사거리,서울특별시 은평구 진관3로 21 은평엘크루 101동 105-108호,서울특별시,은평구,37.639617,126.91881
스타벅스,연신내역사거리,서울특별시 은평구 통일로 842 (불광동),서울특별시,은평구,37.61877394,126.9217989
스타벅스,연신내,서울특별시 은평구 통일로 867 (갈현동),서울특별시,은평구,37.62026609,126.9199595
스타벅스,구파발역,서울특별시 은평구 진관2로 12,서울특별시,은평구,37.63446,126.918881
스타벅스,은평구청입구,서울특별시 은평구 은평로 170 (응암동),서울특별시,은평구,37.601042,126.926789
스타벅스,은평이마트,서울특별시 은평구 은평로 111 (응암동),서울특별시,은평구,37.60037923,126.9202735
스타벅스,구산역,서울특별시 은평구 연서로 146 (대조동),서울특별시,은평구,37.611745,126.917678
스타벅스,불광역8번출구,서울특별시 은평구 통일로 746 (불광동),서울특별시,은평구,37.61199,126.9289
스타벅스,수색,서울특별시 은평구 수색로 216 (수색동),서울특별시,은평구,37.58006407,126.8995624
스타벅스,새절역,서울특별시 은평구 증산로 371 (신사동),서울특별시,은평구,37.58942667,126.9128635
스타벅스,더북한산,서울특별시 은평구 대서문길 24-11 (진관동),서울특별시,은평구,37.65545766,126.9475564
스타벅스,녹번역,"서울특별시 은평구 통일로 636 (녹번동) 110,111,112,113,114,115호",서울특별시,은평구,37.60330762,126.9352857
스타벅스,진관DT,서울특별시 은평구 연서로 645 (진관동),서울특별시,은평구,37.6501787,126.9361968
스타벅스,연합뉴스,서울특별시 종로구 율곡로2길 25 (수송동),서울특별시,종로구,37.57462714,126.9804754
스타벅스,혜화역,서울특별시 종로구 대학로12길 4 (동숭동)1~2층,서울특별시,종로구,37.5824779,127.002185
스타벅스,경희궁로,서울특별시 종로구 새문안로3길 15 (당주동),서울특별시,종로구,37.571759,126.972343
스타벅스,강북삼성병원,서울특별시 종로구 새문안로 29 (평동),서울특별시,종로구,37.568546,126.96756
스타벅스,종로평창동,서울특별시 종로구 평창12길 3 (평창동),서울특별시,종로구,37.60614771,126.9673641
스타벅스,광화문우체국,서울특별시 종로구 종로 6 (서린동),서울특별시,종로구,37.569854,126.978083
스타벅스,종로R,서울특별시 종로구 종로 51 (종로2가),서울특별시,종로구,37.5708,126.9834
스타벅스,독립문역,서울특별시 종로구 송월길 155 경희궁자이 4단지 1층 팰리스애비뉴 4114~4119호,서울특별시,종로구,37.571432,126.961269
스타벅스,정부서울청사R,서울특별시 종로구 새문안로5가길 28 (적선동),서울특별시,종로구,37.57462131,126.9736776
스타벅스,종로구청,서울특별시 종로구 삼봉로 71 (수송동),서울특별시,종로구,37.57249861,126.9809514
스타벅스,북촌로,서울특별시 종로구 북촌로4길 23 (계동),서울특별시,종로구,37.57941902,126.9864856
스타벅스,종로수송,서울특별시 종로구 종로5길 30 (청진동) 1~3층,서울특별시,종로구,37.57165163,126.9806234
스타벅스,새문안로,서울특별시 종로구 새문안로 92 (신문로1가) 광화문오피시아빌딩,서울특별시,종로구,37.56982385,126.9752216
스타벅스,안국,서울특별시 종로구 북촌로 5-1 (재동),서울특별시,종로구,37.57739395,126.9857643
스타벅스,삼청동,서울특별시 종로구 삼청로 111-1 (삼청동),서울특별시,종로구,37.58541226,126.9819133
스타벅스,광화문D타워,서울특별시 종로구 종로3길 17 (청진동) D타워,서울특별시,종로구,37.57049133,126.97907
스타벅스,적선,"서울특별시 종로구 새문안로5길 55, 노스게이트빌딩 1층 (적선동)",서울특별시,종로구,37.57520431,126.9739361
스타벅스,인사,서울특별시 종로구 인사동길 14 (인사동),서울특별시,종로구,37.57220884,126.9867982
스타벅스,광화문,서울특별시 종로구 세종대로 167 (세종로),서울특별시,종로구,37.5712293,126.9762872
스타벅스,성대입구,서울특별시 종로구 창경궁로 235 (명륜3가),서울특별시,종로구,37.582892,126.998392
스타벅스,스페이스본,서울특별시 종로구 사직로8길 4 (사직동) 광화문 풍림스페이스본,서울특별시,종로구,37.57488603,126.9692202
스타벅스,주얼리시티,서울특별시 종로구 종로 183 (인의동) 효성주얼리시티,서울특별시,종로구,37.57148292,126.9986666
스타벅스,종각,서울특별시 종로구 종로 64 (종로2가),서울특별시,종로구,37.57001689,126.9845035
스타벅스,동숭로아트,서울특별시 종로구 동숭길 110 (동숭동),서울특별시,종로구,37.582969,127.003876
스타벅스,종로관철,"서울특별시 종로구 종로12길 21, 2층 (관철동)",서울특별시,종로구,37.5691386,126.9859328
스타벅스,경복궁역,"서울특별시 종로구 자하문로4길 6, 1층 (통의동)",서울특별시,종로구,37.5771508,126.9727453
스타벅스,이마빌딩,서울특별시 종로구 종로1길 42 (수송동),서울특별시,종로구,37.5738637,126.9789715
스타벅스,마로니에공원,"서울특별시 종로구 대학로 116, 1-2층 (동숭동)",서울특별시,종로구,37.58154296,127.0023412
스타벅스,종로3가,"서울특별시 종로구 종로 113-1, 1-4층 (종로3가)",서울특별시,종로구,37.57056486,126.990217
스타벅스,대학로,"서울특별시 종로구 대학로 57, 홍익대학교 대학로캠퍼스 內 (연건동)",서울특별시,종로구,37.57649164,127.001471
스타벅스,경복궁사거리,"서울특별시 종로구 율곡로 6, B동 101호(중학동, 트윈트리타워)",서울특별시,종로구,37.57561594,126.9802374
스타벅스,종로관수,서울특별시 종로구 삼일대로20길 13 (관수동),서울특별시,종로구,37.56971102,126.9886352
스타벅스,광화문교보문고,서울특별시 종로구 종로 1 (종로1가),서울특별시,종로구,37.571017,126.977937
스타벅스,정동,서울특별시 종로구 새문안로 42 (신문로2가),서울특별시,종로구,37.568578,126.970067
스타벅스,종로플레이스,서울특별시 종로구 창경궁로 120 (인의동),서울특별시,종로구,37.57313777,126.998355
스타벅스,강북삼성병원1층,서울특별시 종로구 새문안로 29 (평동),서울특별시,종로구,37.568546,126.96756
스타벅스,동숭길입구,서울특별시 종로구 대학로 146 (혜화동),서울특별시,종로구,37.584236,127.002014
스타벅스,서울대치과병원,서울특별시 종로구 대학로 101 서울대학교 치과병원 신관1층,서울특별시,종로구,37.57747409,126.9998914
스타벅스,서대문역,서울특별시 종로구 통일로 134 (평동),서울특별시,종로구,37.5667,126.96629
스타벅스,숭례문북창,서울특별시 중구 세종대로12길 12 (남대문로4가),서울특별시,중구,37.561725,126.976838
스타벅스,을지로4가역,서울특별시 중구 을지로 170 (을지로4가),서울특별시,중구,37.566682,126.997285
스타벅스,동대문두타,서울특별시 중구 장충단로 275 (을지로6가),서울특별시,중구,37.56892513,127.0087838
스타벅스,대한상공회의소R,서울특별시 중구 세종대로 39 (남대문로4가) 1층,서울특별시,중구,37.560938,126.973702
스타벅스,국립중앙의료원,서울특별시 중구 을지로 251 (을지로6가),서울특별시,중구,37.566516,127.0062376
스타벅스,동국대,서울특별시 중구 서애로 1길 11,서울특별시,중구,37.561542,126.998437
스타벅스,신세계본점5F,서울특별시 중구 소공로 63 (충무로1가),서울특별시,중구,37.560951,126.981134
스타벅스,동대문공원,서울특별시 중구 장충단로 229 (광희동1가),서울특별시,중구,37.565133,127.007191
스타벅스,을지로국제빌딩,서울특별시 중구 남대문로 109 (다동),서울특별시,중구,37.566952,126.982219
스타벅스,동대입구역,서울특별시 중구 장충단로 166 (장충동1가),서울특별시,중구,37.559593,127.006142
스타벅스,신당역사거리,서울특별시 중구 다산로 258 (흥인동),서울특별시,중구,37.565807,127.01643
스타벅스,연세세브란스,서울특별시 중구 통일로 10 (남대문로5가),서울특별시,중구,37.557207,126.97354
스타벅스,회현역,서울특별시 중구 퇴계로 72 (회현동) 리더스뷰남산,서울특별시,중구,37.55947243,126.9807255
스타벅스,을지로경기빌딩,서울특별시 중구 남대문로10길 9 (삼각동) 경기빌딩,서울특별시,중구,37.56707496,126.9831459
스타벅스,을지로2가,서울특별시 중구 삼일대로 358 (을지로2가),서울특별시,중구,37.566347,126.988066
스타벅스,신세계본점6F,서울특별시 중구 퇴계로 77 (충무로1가),서울특별시,중구,37.560381,126.980758
스타벅스,서울중앙우체국,서울특별시 중구 소공로 70 (충무로 1가) 서울 중앙 우체국,서울특별시,중구,37.561678,126.982117
스타벅스,한국프레스센터,서울특별시 중구 세종대로 124 (태평로1가),서울특별시,중구,37.56724756,126.9780494
스타벅스,명동중앙로,서울특별시 중구 명동길 60 (명동 2가),서울특별시,중구,37.5637485,126.9857723
스타벅스,약수역,서울특별시 중구 다산로 129 (신당동),서울특별시,중구,37.555437,127.0107253
스타벅스,중구저동,서울특별시 중구 수표로 34 (저동2가),서울특별시,중구,37.5643686,126.9903382
스타벅스,명동길,서울특별시 중구 명동10길 41,서울특별시,중구,37.5620695,126.9858669
스타벅스,서소문로,서울특별시 중구 서소문로 120 (서소문동) 대한빌딩,서울특별시,중구,37.563006,126.974546
스타벅스,신당역,"서울특별시 중구 퇴계로 385, 1층 (흥인동)",서울특별시,중구,37.5654034,127.0143524
스타벅스,명동메트로,서울특별시 중구 명동9가길 14 (을지로1가) 메트로호텔,서울특별시,중구,37.565118,126.983681
스타벅스,숭례문,"서울특별시 중구 세종대로 17, 그레이츠 숭례 1층 (남대문로5가)",서울특별시,중구,37.55874473,126.9730952
스타벅스,순화동더샵,"서울특별시 중구 칠패로 27, 1층 (순화동)",서울특별시,중구,37.56015541,126.971886
스타벅스,대한극장,"서울특별시 중구 퇴계로 212 (필동2가) 1,2층",서울특별시,중구,37.56105065,126.9952735
스타벅스,환구단,서울특별시 중구 소공로 112 (소공동),서울특별시,중구,37.56459885,126.9792301
스타벅스,무교동,서울특별시 중구 무교로 21 (무교동) 코오롱빌딩 1층,서울특별시,중구,37.56792802,126.9792066
스타벅스,문화일보,서울특별시 중구 새문안로 22 (충정로1가) 문화일보,서울특별시,중구,37.56712291,126.9686642
스타벅스,태평로,"서울특별시 중구 세종대로 72, 대영빌딩 1층 (태평로2가)",서울특별시,중구,37.56248285,126.9767928
스타벅스,퍼시픽타워,"서울특별시 중구 세종대로9길 41, 퍼시픽타워 1층 (서소문동)",서울특별시,중구,37.56132157,126.9730264
스타벅스,남산단암,"서울특별시 중구 소월로 10, 단암빌딩 (남대문로5가)",서울특별시,중구,37.55853622,126.9754585
스타벅스,황학캐슬,서울특별시 중구 청계천로 400 (황학동) 롯데캐슬베네치아,서울특별시,중구,37.57124,127.022905
스타벅스,을지로삼화타워,서울특별시 중구 을지로5길 16 (을지로2가) 1층,서울특별시,중구,37.566902,126.984707
스타벅스,소공로,"서울특별시 중구 남대문로7길 19, 삼영빌딩 1층 일부 (소공동)",서울특별시,중구,37.5637273,126.9807681
스타벅스,을지로한국빌딩,"서울특별시 중구 을지로 50, 1층 (을지로 2가)",서울특별시,중구,37.565722,126.98329
스타벅스,시청,"서울특별시 중구 을지로 19, 삼성화재삼성빌딩 1층 (을지로1가)",서울특별시,중구,37.56629,126.979808
스타벅스,명동역,"서울특별시 중구 퇴계로 101, 건물 전체 (충무로 1가)",서울특별시,중구,37.56086222,126.9831054
스타벅스,명동입구,서울특별시 중구 남대문로 68-1 (명동2가),서울특별시,중구,37.563319,126.982242
스타벅스,충무로,서울특별시 중구 충무로 3 (필동1가),서울특별시,중구,37.56149598,126.9928231
스타벅스,이마트타워,서울특별시 중구 세종대로7길 37 (순화동) 1층,서울특별시,중구,37.56074346,126.9725284
스타벅스,동호로,서울특별시 중구 동호로 171 (신당동),서울특별시,중구,37.5534784,127.0113052
스타벅스,무교로,서울특별시 중구 무교로 15 (무교동),서울특별시,중구,37.56722072,126.9790766
스타벅스,청계크리스탈스퀘어,서울특별시 중구 청계천로 106 (수표동),서울특별시,중구,37.5679,126.98933
스타벅스,숭례문SG타워,서울특별시 중구 세종대로 14 (남대문로5가),서울특별시,중구,37.5581293,126.9742637
스타벅스,세종대로,서울특별시 중구 세종대로 135-5 (태평로1가),서울특별시,중구,37.568678,126.976493
스타벅스,동대문디자인플라자,서울특별시 중구 을지로 281 (을지로7가) 디자인장터,서울특별시,중구,37.56743,127.009758
스타벅스,별다방,서울특별시 중구 퇴계로 100 (회현동2가),서울특별시,중구,37.5602013,126.9829327
스타벅스,포포인츠명동,서울특별시 중구 삼일대로10길 36 (저동2가),서울특별시,중구,37.5657211,126.9893426
스타벅스,명동남산,서울특별시 중구 퇴계로 132 (남산동3가),서울특별시,중구,37.560809,126.986397
스타벅스,명일역,서울특별시 강동구 양재대로 1647 (명일동),서울특별시,강동구,37.55255452,127.1438858
스타벅스,강동구청DT,서울특별시 강동구 성내로 32 (성내동),서울특별시,강동구,37.52938777,127.1238477
스타벅스,강동암사DT,서울특별시 강동구 고덕로 43 (암사동),서울특별시,강동구,37.55511597,127.1299705
스타벅스,굽은다리역,"서울특별시 강동구 양재대로 1568 (명일동, 원일타워)",서울특별시,강동구,37.54535431,127.1430516
스타벅스,강동역,"서울특별시 강동구 천호대로 1089 (천호동, 강동 헤르셔)",서울특별시,강동구,37.536047,127.133086
스타벅스,둔촌동,서울특별시 강동구 양재대로 1303 (성내동) 평원빌딩,서울특별시,강동구,37.52264171,127.1339866
스타벅스,천호로데오,서울특별시 강동구 천호대로 1037 (천호동),서울특별시,강동구,37.5378069,127.1273094
스타벅스,천호이마트,서울특별시 강동구 천호대로 1015-14 (천호동) 이마트별관,서울특별시,강동구,37.53898428,127.1251705
스타벅스,길동역,서울특별시 강동구 양재대로 1487 (길동),서울특별시,강동구,37.53870167,127.1401395
스타벅스,상일동,"서울특별시 강동구 상일로10길 36, 1~2층 (상일동)",서울특별시,강동구,37.55094836,127.1740954
스타벅스,천호역,"서울특별시 강동구 천호대로 1012, 태승빌딩 (성내동)",서울특별시,강동구,37.53795191,127.1245793
스타벅스,명일이마트,서울특별시 강동구 동남로75길 5 (명일동) 명일이마트별관주차장,서울특별시,강동구,37.55417877,127.1561341
스타벅스,상일동역,"서울특별시 강동구 고덕로 399 (고덕동, 고덕센트럴푸르지오)",서울특별시,강동구,37.55756654,127.1707636
스타벅스,천호사거리,서울특별시 강동구 올림픽로 651 (천호동),서울특별시,강동구,37.539702,127.123542
스타벅스,강일역,"서울특별시 강동구 고덕로 429 (강일동), 1층",서울특별시,강동구,37.55747469,127.1735107
스타벅스,올림픽공원북2문,서울특별시 강동구 강동대로 199 (성내동),서울특별시,강동구,37.5241832,127.1286775
스타벅스,천호대로길동,서울특별시 강동구 천호대로 1131 거산 유팰리스,서울특별시,강동구,37.534651,127.13721
스타벅스,신도림,서울특별시 구로구 경인로 610 (신도림동),서울특별시,구로구,37.5053119,126.883976
스타벅스,구로디지털타워,서울특별시 구로구 디지털로32길 30 (구로동),서울특별시,구로구,37.48347219,126.8968567
스타벅스,오류동역,서울특별시 구로구 경인로 216 (오류동),서울특별시,구로구,37.4962155,126.8448614
스타벅스,구로디지털로,"서울특별시 구로구 디지털로33길 11, 에이스테크노8차 1층 (구로동)",서울특별시,구로구,37.48569917,126.8959915
스타벅스,구로에이스,"서울특별시 구로구 디지털로 285, 에이스트윈타워1차 103호 (구로동)",서울특별시,구로구,37.48423377,126.8945605
스타벅스,구로하이엔드,"서울특별시 구로구 디지털로26길 5, 에이스하이엔드타워1차 103호 (구로동)",서울특별시,구로구,37.481618,126.893136
스타벅스,현대디큐브2F,서울특별시 구로구 경인로 662 (신도림동),서울특별시,구로구,37.50945298,126.8896841
스타벅스,구로호텔,"서울특별시 구로구 디지털로32길 72, 구로호텔 1층 (구로동)",서울특별시,구로구,37.4831293,126.8988591
스타벅스,현대디큐브B2,서울특별시 구로구 경인로 662 (신도림동),서울특별시,구로구,37.50924828,126.8899813
스타벅스,구로고척,서울특별시 구로구 경인로 387 (고척동),서울특별시,구로구,37.49706,126.86315
스타벅스,구로NC,서울특별시 구로구 구로중앙로 152 (구로동) 구로NC,서울특별시,구로구,37.501219,126.882798
스타벅스,구로오류DT,서울특별시 구로구 서해안로 2233 (오류동),서울특별시,구로구,37.48812923,126.8344919
스타벅스,구로구청,"서울특별시 구로구 가마산로 232 (구로동, 스페스큐브), B101호",서울특별시,구로구,37.49395067,126.8867612
스타벅스,고척아이파크,"서울특별시 구로구 경인로43길 49 (고척동, 고척아이파크), 1층 D-101호",서울특별시,구로구,37.49930563,126.8582209
스타벅스,신도림힐스테이트,서울특별시 구로구 경인로 625 (신도림동),서울특별시,구로구,37.50686003,126.8846381
스타벅스,답십리역,서울특별시 동대문구 천호대로 263 (답십리동),서울특별시,동대문구,37.568466,127.051106
스타벅스,경희대삼거리,서울특별시 동대문구 회기로 141 (회기동),서울특별시,동대문구,37.591531,127.052017
스타벅스,외대정문,서울특별시 동대문구 이문로 93 (이문동),서울특별시,동대문구,37.5953464,127.0590302
스타벅스,신설동역,서울특별시 동대문구 왕산로 19 (신설동),서울특별시,동대문구,37.5767228,127.0255446
스타벅스,회기역사거리,서울특별시 동대문구 이문로 37 (회기동),서울특별시,동대문구,37.590784,127.056098
스타벅스,외대,서울특별시 동대문구 휘경로 12-1 (이문동),서울특별시,동대문구,37.59575188,127.0614002
스타벅스,장한평역,서울특별시 동대문구 장한로 10 (장안동),서울특별시,동대문구,37.562337,127.065511
스타벅스,경희대,서울특별시 동대문구 경희대로 16-1 (회기동),서울특별시,동대문구,37.5928812,127.0528085
스타벅스,청량리역롯데캐슬스카이,"서울특별시 동대문구 답십리로 27 (전농동, 청량리역 롯데캐슬 SKY-L65)",서울특별시,동대문구,37.57924927,127.0453311
스타벅스,경동1960,서울특별시 동대문구 고산자로36길 3 (제기동),서울특별시,동대문구,37.5796141,127.038685
스타벅스,청량리역사,서울특별시 동대문구 왕산로 214 (전농동) 청량리역사 Connect Place6층,서울특별시,동대문구,37.58056532,127.0485648
스타벅스,답십리초교사거리,서울특별시 동대문구 전농로 38 (답십리동),서울특별시,동대문구,37.56825403,127.0572409
스타벅스,장안사거리,서울특별시 동대문구 답십리로 267 (장안동),서울특별시,동대문구,37.5727209,127.0700927
스타벅스,서울숲역,서울특별시 성동구 왕십리로 50 (성수동1가) 1층,서울특별시,성동구,37.54186897,127.044899
스타벅스,금호역,서울특별시 성동구 동호로 99 (금호동4가),서울특별시,성동구,37.5479939,127.0153343
스타벅스,뚝섬역,서울특별시 성동구 아차산로 42 (성수동1가),서울특별시,성동구,37.546432,127.049042
스타벅스,황학사거리,"서울특별시 성동구 왕십리로 410 (하왕십리동, 센트라스)",서울특별시,성동구,37.567644,127.023697
스타벅스,성수역,서울특별시 성동구 성수이로 94 (성수동2가),서울특별시,성동구,37.543193,127.056943
스타벅스,상왕십리역,서울특별시 성동구 왕십리로 382 (하왕십리동),서울특별시,성동구,37.56511028,127.0280198
스타벅스,왕십리역,서울특별시 성동구 왕십리로 326 (도선동),서울특별시,성동구,37.5627541,127.0339072
스타벅스,한양대,"서울특별시 성동구 왕십리로 225 (행당동) 1,2층",서울특별시,성동구,37.55726984,127.0421649
스타벅스,엔터식스,서울특별시 성동구 왕십리광장로 17 (행당동),서울특별시,성동구,37.56175811,127.0383328
스타벅스,신금호역,서울특별시 성동구 금호로 158-1 (금호동1가) 1~5층 전체,서울특별시,성동구,37.5549672,127.0201447
스타벅스,왕십리역9번출구,서울특별시 성동구 고산자로 234 (행당동),서울특별시,성동구,37.56054272,127.0352673
스타벅스,성수,서울특별시 성동구 아차산로 104 (성수동2가),서울특별시,성동구,37.54446208,127.0554133
스타벅스,옥수,서울특별시 성동구 독서당로 202 (옥수동),서울특별시,성동구,37.5430298,127.0133661
스타벅스,성수낙낙,서울특별시 성동구 광나루로8길 31 (성수동2가) 성수낙낙 1층 101~107호,서울특별시,성동구,37.547326,127.066367
스타벅스,효창공원앞역,"서울특별시 용산구 백범로 313 (효창동, 용산 롯데캐슬 센터포레)",서울특별시,용산구,37.539305,126.96306
스타벅스,서울역서부,서울특별시 용산구 만리재로 202 (서계동),서울특별시,용산구,37.555165,126.968446
스타벅스,이태원역,서울특별시 용산구 이태원로 188 (이태원동),서울특별시,용산구,37.534273,126.994789
스타벅스,한강진역R,서울특별시 용산구 이태원로 252 (한남동),서울특별시,용산구,37.537131,127.00098
스타벅스,용산역써밋R,"서울특별시 용산구 한강대로 69 (한강로2가, 용산푸르지오써밋)",서울특별시,용산구,37.527586,126.965401
스타벅스,이촌,서울특별시 용산구 이촌로 276 (이촌동),서울특별시,용산구,37.518605,126.977271
스타벅스,신용산역,"서울특별시 용산구 한강대로 95 (한강로2가, 래미안용산)",서울특별시,용산구,37.528702,126.966757
스타벅스,용산파크타워,"서울특별시 용산구 서빙고로 67 (용산동5가, 파크타워)",서울특별시,용산구,37.523818,126.970389
스타벅스,남영동,서울특별시 용산구 한강대로 275 (갈월동),서울특별시,용산구,37.542831,126.972242
스타벅스,한남동R,서울특별시 용산구 독서당로 94 (한남동),서울특별시,용산구,37.53485,127.010919
스타벅스,서울타워,서울특별시 용산구 남산공원길 105 (용산동2가) YTN서울타워 1층,서울특별시,용산구,37.551102,126.988317
스타벅스,서울역동자동,서울특별시 용산구 한강대로 372 (동자동),서울특별시,용산구,37.551752,126.972694
스타벅스,순천향입구,서울특별시 용산구 대사관로 67 (한남동),서울특별시,용산구,37.533394,127.00563
스타벅스,숙대,서울특별시 용산구 청파로47길 57 (청파동3가),서울특별시,용산구,37.54460479,126.9672252
스타벅스,동빙고,서울특별시 용산구 장문로 12 (동빙고동),서울특별시,용산구,37.5289857,126.991782
스타벅스,숙대입구역,서울특별시 용산구 한강대로 291 (갈월동),서울특별시,용산구,37.54422578,126.971957
스타벅스,용산아이파크몰,서울특별시 용산구 한강대로23길 55,서울특별시,용산구,37.52890681,126.9646345
스타벅스,동부이촌동,서울특별시 용산구 이촌로 198 (이촌동),서울특별시,용산구,37.52111,126.96905
스타벅스,숙명여대정문,서울특별시 용산구 청파로47길 100 (청파동2가) 프라임관B1F(로비층),서울특별시,용산구,37.54474797,126.964842
스타벅스,용산해링턴스퀘어,서울특별시 용산구 서빙고로 17 (한강로3가),서울특별시,용산구,37.52653796,126.9673621
스타벅스,경리단길,서울특별시 용산구 회나무로 3 (이태원동),서울특별시,용산구,37.53854,126.98737
스타벅스,서울역사,서울특별시 용산구 한강대로 405 (동자동) 신-101호,서울특별시,용산구,37.554157,126.9717936
스타벅스,용산리첸시아,"서울특별시 용산구 백범로 341 (원효로1가, 리첸시아 용산)",서울특별시,용산구,37.538571,126.967409
스타벅스,용산전자랜드,서울특별시 용산구 청파로 74 (한강로3가),서울특별시,용산구,37.53286106,126.9610009
스타벅스,상봉,"서울특별시 중랑구 상봉로 131 (상봉동, 상봉 듀오트리스 주상복합)",서울특별시,중랑구,37.597842,127.092509
스타벅스,중랑역,서울특별시 중랑구 망우로30길 3 (상봉동),서울특별시,중랑구,37.5930326,127.0747358
스타벅스,중랑구청,서울특별시 중랑구 신내로 72,서울특별시,중랑구,37.60538908,127.0957558
스타벅스,사가정역,서울특별시 중랑구 면목로 310,서울특별시,중랑구,37.579594,127.087966
스타벅스,상봉역,서울특별시 중랑구 망우로 307 (상봉동),서울특별시,중랑구,37.59689,127.08647
스타벅스,묵동,"서울특별시 중랑구 동일로 952 (묵동, 로프트원 태릉입구역) 1층",서울특별시,중랑구,37.615368,127.076633
스타벅스,양원역,서울특별시 중랑구 양원역로10길 3 (망우동),서울특별시,중랑구,37.60665363,127.1063598
스타벅스,중화역,서울특별시 중랑구 봉화산로 35 1층,서울특별시,중랑구,37.60170912,127.0784114
이디야,금란망우점,서울 중랑구 망우로 460 (망우동),서울특별시,중랑구,37.60010656,127.1031367
이디야,동원사거리점,"서울 중랑구 겸재로 240 (면목동, 행복오피스텔)",서울특별시,중랑구,37.58962696,127.0941828
이디야,망우동점,서울 중랑구 망우로 416 (망우동),서울특별시,중랑구,37.59916578,127.0983511
이디야,망우중앙점,"서울 중랑구 용마산로115길 109 (망우동, 한일써너스빌리젠시2단지)",서울특별시,중랑구,37.5974674,127.0941588
이디야,망우코레일점,"서울 중랑구 망우로55길 11-10 (상봉동, 망우역)",서울특별시,중랑구,37.59928762,127.0927566
이디야,먹골역점,서울 중랑구 동일로157길 13 (묵동),서울특별시,중랑구,37.60974113,127.0768979
이디야,면목경남아너스빌점,서울 중랑구 면목로27길 92 (면목동),서울특별시,중랑구,37.57425218,127.0804893
이디야,면목늘찬병원점,"서울 중랑구 동일로 643 (면목동, 늘찬병원)",서울특별시,중랑구,37.5879908,127.0796809
이디야,면목역점,"서울 중랑구 면목로 429 (면목동, 킴스아파트)",서울특별시,중랑구,37.59019347,127.0868261
이디야,봉화산역점,서울 중랑구 신내로 211 (신내동),서울특별시,중랑구,37.61634963,127.0926682
이디야,사가정아이파크점,"서울 중랑구 동일로92길 57 (면목동, 메디포레)",서울특별시,중랑구,37.58348359,127.0831967
이디야,사가정역점,서울 중랑구 면목로 325 (면목동),서울특별시,중랑구,37.58113677,127.088174
이디야,상봉엠코점,"서울 중랑구 망우로 353 (상봉동, 상봉 프레미어스 엠코)",서울특별시,중랑구,37.59833282,127.0916241
이디야,상봉역점,서울 중랑구 망우로 277 (상봉동),서울특별시,중랑구,37.59605534,127.083421
이디야,상봉중앙점,서울 중랑구 망우로 316 (상봉동),서울특별시,중랑구,37.59652239,127.087565
이디야,서울상봉1동점,서울 중랑구 상봉중앙로 36 (상봉동),서울특별시,중랑구,37.60029088,127.0877902
이디야,서울중화초등학교점,"서울 중랑구 신내로7가길 7 (신내동, 제이리옴)",서울특별시,중랑구,37.60237451,127.095448
이디야,서일중앙점,"서울 중랑구 용마산로 394 (면목동, 해동검도)",서울특별시,중랑구,37.58665195,127.0955513
이디야,신내동점,서울 중랑구 봉화산로 215 (신내동),서울특별시,중랑구,37.60765559,127.0965429
이디야,양원역점,서울 중랑구 양원역로14가길 24 (망우동),서울특별시,중랑구,37.60748471,127.1067515
이디야,중랑교차로점,서울 중랑구 동일로 683 (면목동),서울특별시,중랑구,37.59144427,127.0798643
이디야,중랑역점,서울 중랑구 망우로 198 (상봉동),서울특별시,중랑구,37.59332774,127.0748712
이디야,중화동점,서울 중랑구 동일로129길 1 (중화동),서울특별시,중랑구,37.59938385,127.0795426
이디야,화랑대역점,"서울 중랑구 신내로25가길 2 (묵동, 현동학당)",서울특별시,중랑구,37.6195402,127.0841373
이디야,강남YMCA점,서울 강남구 논현동,서울특별시,강남구,37.51264515,127.0301548
이디야,강남구청역아이티웨딩점,"서울 강남구 학동로 338 (논현동, 강남파라곤)",서울특별시,강남구,37.51654172,127.0401602
이디야,강남논현학동점,서울 강남구 논현로131길 28 (논현동),서울특별시,강남구,37.51408005,127.0281058
이디야,강남대치점,"서울 강남구 역삼로 415 (대치동, 성진빌딩)",서울특별시,강남구,37.50133876,127.0524293
이디야,강남도산점,서울 강남구 도산대로37길 20 (신사동),서울특별시,강남구,37.52227842,127.0314876
이디야,강남율현점,"서울 강남구 밤고개로21길 8 (율현동, 세곡프라자)",서울특별시,강남구,37.47354877,127.1078637
이디야,개포동역점,"서울 강남구 개포로82길 11 (개포동, 삼우빌딩)",서울특별시,강남구,37.48860444,127.0674223
이디야,건설회관점,서울 강남구 언주로 711 (논현동),서울특별시,강남구,37.51707775,127.03343
이디야,대청역점,"서울 강남구 개포로109길 34 (개포동, 대청프라자)",서울특별시,강남구,37.49418891,127.0776413
이디야,대치역점,"서울 강남구 남부순환로 2937 (대치동, 까치빌딩)",서울특별시,강남구,37.49409249,127.0616176
이디야,도곡2동점,"서울 강남구 논현로 142 (도곡동, 동현빌딩)",서울특별시,강남구,37.48235382,127.0430459
이디야,도산사거리점,서울 강남구 논현동,서울특별시,강남구,37.51264515,127.0301548
이디야,삼성대치점,"서울 강남구 삼성로64길 32 (대치동, 주성빌딩)",서울특별시,강남구,37.50043704,127.0631044
이디야,삼성동점,서울 강남구 테헤란로88길 10 (대치동),서울특별시,강남구,37.50684382,127.0594632
이디야,삼성중앙역점,"서울 강남구 삼성로 608 (삼성동, 우창빌딩)",서울특별시,강남구,37.51388865,127.0532995
이디야,삼성한전점,서울 강남구 테헤란로107길 11 (삼성동),서울특별시,강남구,37.51042975,127.0650591
이디야,선릉역점,"서울 강남구 테헤란로 332 (역삼동, HJ타워)",서울특별시,강남구,37.50377463,127.0481921
이디야,선릉점,"서울 강남구 선릉로86길 15 (대치동, 현대선릉 GOLD TOWER)",서울특별시,강남구,37.50346806,127.050887
이디야,신사역점,서울 강남구 압구정로2길 62 (신사동),서울특별시,강남구,37.51778277,127.0214582
이디야,압구정현대점,"서울 강남구 압구정로 214 (신사동, 현대종합상가빌딩)",서울특별시,강남구,37.52799449,127.0307357
이디야,역삼더블루점,"서울 강남구 논현로63길 16 (역삼동, 역삼종합시장 더블루)",서울특별시,강남구,37.49289401,127.0391146
이디야,역삼역점,서울 강남구 테헤란로25길 17 (역삼동),서울특별시,강남구,37.50178663,127.0352396
이디야,역삼월드점,"서울 강남구 역삼로52길 14 (역삼동, 도곡프라자)",서울특별시,강남구,37.49854753,127.047983
이디야,역삼점,서울 강남구 논현로72길 13 (역삼동),서울특별시,강남구,37.49584406,127.0405328
이디야,역삼중앙점,서울 강남구 언주로81길 8 (역삼동),서울특별시,강남구,37.50031545,127.042929
이디야,역삼초교점,서울 강남구 강남대로 314 (역삼동),서울특별시,강남구,37.49131896,127.0312577
이디야,역삼충현점,서울 강남구 논현로98길 7 (역삼동),서울특별시,강남구,37.50376482,127.0363458
이디야,역삼플래티넘점,"서울 강남구 테헤란로4길 46 (역삼동, 쌍용플래티넘밸류)",서울특별시,강남구,37.49554814,127.0300647
이디야,을지병원사거리점,서울 강남구 도산대로30길 7 (논현동),서울특별시,강남구,37.51939547,127.0294254
이디야,이디야커피랩,"서울 강남구 논현로 636 (논현동, 이디야빌딩)",서울특별시,강남구,37.51047297,127.0329815
이디야,일원동점,서울 강남구 양재대로27길 20 (일원동),서울특별시,강남구,37.49040201,127.0816007
이디야,청담사거리점,서울 강남구 도산대로 521 (청담동),서울특별시,강남구,37.52485587,127.0503529
이디야,청담역점,"서울 강남구 삼성로 721 (청담동, 룩희 819)",서울특별시,강남구,37.52006431,127.0491469
이디야,포이사거리점,서울 강남구 개포로 218 (개포동),서울특별시,강남구,37.47849624,127.0466119
이디야,학동역점,"서울 강남구 학동로 219 (논현동, 국제빌딩)",서울특별시,강남구,37.51499417,127.0331238
이디야,학동제마점,서울 강남구 학동로34길 22 (논현동),서울특별시,강남구,37.51311741,127.0336522
이디야,한티역점,서울 강남구 도곡로69길 8 (대치동),서울특별시,강남구,37.49794901,127.0561187
이디야,4.19사거리점,서울 강북구 삼양로 501 (수유동),서울특별시,강북구,37.64789317,127.0142317
이디야,가오리역점,서울 강북구 삼각산로 108 (수유동),서울특별시,강북구,37.64060081,127.0161639
이디야,미아꿈의숲해링턴점,"서울 강북구 오현로 45 (미아동, 꿈의숲 해링턴 플레이스)",서울특별시,강북구,37.61693752,127.0344607
이디야,미아역점,서울 강북구 도봉로 207 -3(미아동),서울특별시,강북구,37.62705834,127.025478
이디야,미아중앙점,서울 강북구 도봉로 128 (미아동),서울특별시,강북구,37.62047029,127.0287524
이디야,번동점,"서울 강북구 오현로 194 (번동, 덕수빌딩)",서울특별시,강북구,37.62883597,127.0398738
이디야,북한산점,서울 강북구 4.19로 85 (수유동),서울특별시,강북구,37.64476019,127.0056134
이디야,삼각산점,서울 강북구 솔샘로40길 3 (미아동),서울특별시,강북구,37.61991608,127.0160247
이디야,수유사거리점,"서울 강북구 덕릉로 82 (수유동, 제네스타워)",서울특별시,강북구,37.63442661,127.0228433
이디야,수유역점,서울 강북구 도봉로 355 (수유동),서울특별시,강북구,37.63934671,127.0267081
이디야,우이역도선사점,서울 강북구 삼양로173길 21 (우이동),서울특별시,강북구,37.66258157,127.0113705
이디야,한신대점,서울 강북구 덕릉로 31 (수유동),서울특별시,강북구,37.63431605,127.0169859
이디야,가양역점,서울 강서구 양천로 500 (등촌동),서울특별시,강서구,37.56053718,126.8555312
이디야,강서nc점,서울 강서구 강서로54길 11 (등촌동),서울특별시,강서구,37.55941687,126.8393495
이디야,강서교차로점,"서울 강서구 공항대로 437 (등촌동, 주신기업(주))",서울특별시,강서구,37.55495427,126.8559187
이디야,강서구청점,"서울 강서구 화곡로 292 (화곡동, 서광프리메라)",서울특별시,강서구,37.55018683,126.8487228
이디야,강서한강자이점,서울 강서구 양천로 401 (가양동),서울특별시,강서구,37.56570348,126.8476383
이디야,개화산역점,"서울 강서구 양천로 28 (방화동, 벽산에어트리움)",서울특별시,강서구,37.57228368,126.8069673
이디야,개화산점,"서울 강서구 양천로 28 (방화동, 벽산에어트리움)",서울특별시,강서구,37.57230301,126.8069941
이디야,공항시장역점,"서울 강서구 방화동로 37 (방화동, 메디스타워)",서울특별시,강서구,37.56418228,126.8106821
이디야,까치산로점,서울 강서구 까치산로 182 (화곡동),서울특별시,강서구,37.55331322,126.8538913
이디야,까치산역점,서울 강서구 강서로17길 6 (화곡동),서울특별시,강서구,37.53342495,126.8452011
이디야,등촌3동성당점,"서울 강서구 강서로56길 110 (등촌동, SJC빌딩)",서울특별시,강서구,37.55889899,126.8448785
이디야,등촌동점,"서울 강서구 공항대로61길 20 (염창동, 우리프리머스)",서울특별시,강서구,37.55181133,126.8657934
이디야,등촌역점,서울 강서구 등촌로 217 (등촌동),서울특별시,강서구,37.54918244,126.8633151
이디야,등촌중앙점,"서울 강서구 등촌로 67 (등촌동, 컴스웨이빌딩)",서울특별시,강서구,37.53608584,126.8631228
이디야,렘넌트문화센터점,"서울 강서구 화곡로63길 65 (등촌동, 예원교회)",서울특별시,강서구,37.55786209,126.849452
이디야,마곡대방디엠씨티점,"서울 강서구 양천로 344 (마곡동, 마곡센트럴대방디엠시티오피스텔)",서울특별시,강서구,37.56843914,126.8403866
이디야,마곡수명산점,"서울 강서구 수명로 68-27 (내발산동, 웨스트엔드문화센터)",서울특별시,강서구,37.55267607,126.8266755
이디야,마곡엠밸리점,"서울 강서구 마곡서로 101 (마곡동, 동익드미라벨복합빌딩)",서울특별시,강서구,37.56267069,126.8236056
이디야,마곡중앙점,"서울 강서구 마곡중앙6로 66 (마곡동, 퀸즈파크텐)",서울특별시,강서구,37.55991526,126.8343608
이디야,마곡퀸즈파크9점,"서울 강서구 공항대로 247 (마곡동, 퀸즈파크나인)",서울특별시,강서구,37.55931354,126.8352392
이디야,마곡파인스퀘어점,"서울 강서구 마곡중앙4로 22 (마곡동, 파인스퀘어)",서울특별시,강서구,37.55828138,126.8292908
이디야,마곡헤리움점,"서울 강서구 마곡중앙5로1길 25 (마곡동, 마곡헤리움2차)",서울특별시,강서구,37.56924207,126.826138
이디야,발산역점,서울 강서구 공항대로 280 (내발산동),서울특별시,강서구,37.55807273,126.8383941
이디야,방화동로점,서울 강서구 방화동로 95 (방화동),서울특별시,강서구,37.56901616,126.8126312
이디야,방화사거리점,"서울 강서구 양천로 72 (방화동, 해성빌딩)",서울특별시,강서구,37.57321163,126.8117771
이디야,송정역점,서울 강서구 공항대로 24 (공항동),서울특별시,강서구,37.56117124,126.8099514
이디야,신방화역점,"서울 강서구 마곡중앙5로 81 (마곡동, 에스비타운)",서울특별시,강서구,37.56711708,126.8185972
이디야,신방화중앙점,"서울 강서구 방화대로34길 92 (방화동, 불해빌딩)",서울특별시,강서구,37.5708584,126.8214511
이디야,염창동점,서울 강서구 양천로 689 (염창동),서울특별시,강서구,37.55055977,126.8728938
이디야,우장산동점,서울 강서구 우현로 15 (화곡동),서울특별시,강서구,37.54716797,126.8436257
이디야,우장산역점,서울 강서구 강서로45길 5 (화곡동),서울특별시,강서구,37.54785755,126.8358246
이디야,화곡로점,서울 강서구 화곡로 133 (화곡동),서울특별시,강서구,37.54083366,126.8364904
이디야,화곡본동시장점,서울 강서구 까치산로4길 11 (화곡동),서울특별시,강서구,37.5422343,126.8442472
이디야,화곡사거리점,서울 강서구 곰달래로 135 (화곡동),서울특별시,강서구,37.53076476,126.8479217
이디야,화곡중앙시장점,서울 강서구 가로공원로76길 61 (화곡동),서울특별시,강서구,37.53442541,126.8382672
이디야,관악우성점,서울 관악구 관악로 232 (봉천동),서울특별시,관악구,37.48496443,126.9560336
이디야,관악하나로마트점,"서울 관악구 남부순환로 1369 (신림동, 관악농협농산물백화점)",서울특별시,관악구,37.48012907,126.9028969
이디야,낙성대역점,서울 관악구 남부순환로 1915 (봉천동),서울특별시,관악구,37.47791563,126.9622055
이디야,난곡사거리점,서울 관악구 남부순환로 1444 (신림동),서울특별시,관악구,37.48092799,126.911256
이디야,남현홈플러스점,"서울 관악구 과천대로 909 (남현동, 남현프라자)",서울특별시,관악구,37.4714704,126.9824665
이디야,녹두거리점,서울 관악구 신림로 91 (신림동),서울특별시,관악구,37.47030865,126.939066
이디야,보라매중앙점,"서울 관악구 보라매로 62 (봉천동, 보라매삼성아파트)",서울특별시,관악구,37.4948015,126.9276026
이디야,봉일시장점,서울 관악구 은천로 23 (봉천동),서울특별시,관악구,37.48640729,126.9379271
이디야,봉천역점,서울 관악구 남부순환로 1725 (봉천동),서울특별시,관악구,37.48268453,126.9418913
이디야,봉천현대시장점,서울 관악구 양녕로 39-1 (봉천동),서울특별시,관악구,37.48570872,126.946749
이디야,서울대중앙점,서울 관악구 남부순환로216길 2 (봉천동),서울특별시,관악구,37.48137982,126.9490008
이디야,신대방역점,서울 관악구 난곡로 368 (신림동),서울특별시,관악구,37.48685667,126.9137523
이디야,신림난곡점,서울 관악구 난곡로 197 (신림동),서울특별시,관악구,37.47254007,126.9189423
이디야,신림남부초교점,서울 관악구 남부순환로 1541-1 (신림동),서울특별시,관악구,37.48340183,126.9218837
이디야,신림대학동점,서울 관악구 호암로26길 17 (신림동),서울특별시,관악구,37.47074902,126.9346072
이디야,신림문화교점,"서울 관악구 신림로46길 1 (신림동, 서원동성당)",서울특별시,관악구,37.47845699,126.9330222
이디야,신림미성점,서울 관악구 난곡로 250 (신림동),서울특별시,관악구,37.47654029,126.9159843
이디야,신림신원점,서울 관악구 신원로 16 (신림동),서울특별시,관악구,37.48073968,126.9279319
이디야,신림신화교점,서울 관악구 신림로 199 (신림동),서울특별시,관악구,37.4755238,126.9362072
이디야,신림역점,서울 관악구 신림로 312 (신림동),서울특별시,관악구,37.48218875,126.9301498
이디야,신림패션문화점,서울 관악구 봉천로6길 24 (신림동),서울특별시,관악구,37.48862113,126.9254307
이디야,청룡중앙점,"서울 관악구 쑥고개로 80 (봉천동, 제이빌딩)",서울특별시,관악구,37.47921177,126.9452675
이디야,건대로데오점,서울 광진구 아차산로30길 8 (자양동),서울특별시,광진구,37.54040024,127.0676134
이디야,건대스타시티2호점,"서울 광진구 능동로 92 (자양동, 스타시티몰) 지하 2층 201호",서울특별시,광진구,37.53899977,127.0712144
이디야,건대스타시티점,"서울 광진구 아차산로 272 (자양동, 더샵스타시티)",서울특별시,광진구,37.53855827,127.0729962
이디야,건대역점,"서울 광진구 아차산로 229 (화양동, 한림타워)",서울특별시,광진구,37.54080913,127.0689907
이디야,구의사거리점,서울 광진구 광나루로 508 (구의동),서울특별시,광진구,37.54479816,127.0859639
이디야,구의역점,서울 광진구 구의로 4 (구의동),서울특별시,광진구,37.53835075,127.0892896
이디야,구의자양로점,서울 광진구 자양로 251 (구의동),서울특별시,광진구,37.54899316,127.089303
이디야,군자역점,"서울 광진구 능동로 290 (능동, 삼일빌딩)",서울특별시,광진구,37.5555833,127.0789792
이디야,동서울터미널점,서울 광진구 구의동,서울특별시,광진구,37.55027412,127.0931352
이디야,세종대후문점,서울 광진구 군자로 109 (군자동),서울특별시,광진구,37.55287216,127.0719975
이디야,아차산역점,서울 광진구 천호대로 663 (구의동),서울특별시,광진구,37.55181311,127.0902491
이디야,자양동점,서울 광진구 자양로 46 (자양동),서울특별시,광진구,37.53220362,127.0859683
이디야,자양우성점,"서울 광진구 자양번영로 34 (자양동, 제이원하이텔)",서울특별시,광진구,37.53270197,127.0758204
이디야,중곡대원점,서울 광진구 용마산로 111 (중곡동),서울특별시,광진구,37.56359454,127.0866434
이디야,중곡신성점,"서울 광진구 용마산로 37 (중곡동, 이안빌딩)",서울특별시,광진구,37.5570217,127.0877235
이디야,중곡중앙점,서울 광진구 능동로 330 (중곡동),서울특별시,광진구,37.55894517,127.0807377
이디야,가산두산위브점,서울 금천구 가산로 111 (가산동),서울특별시,금천구,37.47561964,126.8929267
이디야,가산리더스타워점,서울 금천구 벚꽃로 286 (가산동),서울특별시,금천구,37.48039389,126.8841211
이디야,가산벽산점,서울 금천구 벚꽃로 244 (가산동),서울특별시,금천구,37.47675411,126.8858068
이디야,가산오거리점,"서울 금천구 가산로 155 (가산동, 케이디에스빌딩)",서울특별시,금천구,37.47886059,126.8901034
이디야,가산월드점,서울 금천구 가산디지털2로 123 (가산동),서울특별시,금천구,37.47872673,126.8787102
이디야,가산하이엔드10차점,"서울 금천구 가산디지털1로 30 (가산동, 에이스하이엔드타워10)",서울특별시,금천구,37.46880287,126.8874955
이디야,금천롯데마트점,"서울 금천구 시흥대로 291 (독산동, 금천롯데캐슬골드파크3차)",서울특별시,금천구,37.45995605,126.8966992
이디야,독산동쌈지공원점,서울 금천구 독산로 276 (독산동),서울특별시,금천구,37.47135049,126.9032865
이디야,독산동점,"서울 금천구 독산로 218 (독산동, 창영빌딩)",서울특별시,금천구,37.46635784,126.9020043
이디야,박미삼거리점,서울 금천구 시흥대로 150 (시흥동),서울특별시,금천구,37.44762508,126.9036642
이디야,석수푸르지오점,"서울 금천구 삼성산길 11 (시흥동, 위너스타워)",서울특별시,금천구,37.43411234,126.9047265
이디야,세광교회점,서울 금천구 독산로 124 (시흥동),서울특별시,금천구,37.45834143,126.9055214
이디야,시흥동점,서울 금천구 시흥동,서울특별시,금천구,37.4476688,126.9084522
이디야,시흥사거리점,서울 금천구 시흥대로63길 8 (시흥동),서울특별시,금천구,37.45505914,126.8990997
이디야,시흥유통센터점,"서울 금천구 시흥대로 88 (시흥동, 오복빌딩)",서울특별시,금천구,37.4418897,126.9039096
이디야,시흥중앙점,서울 금천구 금하로 748 (시흥동),서울특별시,금천구,37.44995827,126.912724
이디야,은행나무사거리점,서울 금천구 금하로 690 (시흥동),서울특별시,금천구,37.45180078,126.9066318
이디야,공릉역점,서울 노원구 동일로192길 5 (공릉동),서울특별시,노원구,37.62607386,127.0733906
이디야,광운대점,서울 노원구 광운로 29 (월계동),서울특별시,노원구,37.62032355,127.0584258
이디야,노원사거리점,서울 노원구 동일로 1393 (상계동),서울특별시,노원구,37.65294652,127.0605503
이디야,노원중앙점,서울 노원구 노원로 452 (상계동),서울특별시,노원구,37.65700633,127.0669201
이디야,당고개역점,서울 노원구 상계로 313 (상계동),서울특별시,노원구,37.67080763,127.08037
이디야,상계동점,서울 노원구 한글비석로52길 8 (상계동),서울특별시,노원구,37.66488323,127.0664751
이디야,상계상록스토아점,"서울 노원구 동일로227길 26 (상계동, 상계주공15단지아파트)",서울특별시,노원구,37.67018805,127.0546776
이디야,상계역사거리점,서울 노원구 한글비석로 409 (상계동) 1~2층,서울특별시,노원구,37.5,127.05
이디야,상계역점,서울 노원구 덕릉로 698 (중계동),서울특별시,노원구,37.6598359,127.0756534
이디야,상계중앙점,서울 노원구 동일로 1650 (상계동),서울특별시,노원구,37.67548387,127.0555469
이디야,서울여대점,서울 노원구 노원로 3 (공릉동),서울특별시,노원구,37.62199302,127.0866631
이디야,수락산역점,"서울 노원구 동일로 1689 (상계동, 하이베라스)",서울특별시,노원구,37.67912131,127.0549509
이디야,원자력병원점,서울 노원구 공릉로46길 6 (공릉동),서울특별시,노원구,37.62692106,127.0796315
이디야,월계이마트점,"서울 노원구 마들로3길 15 (월계동, 월계이마트)",서울특별시,노원구,37.62650936,127.0619798
이디야,월계인덕점,서울 노원구 광운로22길 39 (월계동),서울특별시,노원구,37.62985012,127.058818
이디야,중계롯데우성점,서울 노원구 노원로22길 70 (중계동),서울특별시,노원구,37.64731537,127.0739895
이디야,중계본동점,서울 노원구 중계로14바길 2 (중계동),서울특별시,노원구,37.64988421,127.0826134
이디야,중계점,서울 노원구 동일로204가길 34 (중계동),서울특별시,노원구,37.64074954,127.0681722
이디야,태릉입구역점,"서울 노원구 공릉로 105 (공릉동, 성종빌딩)",서울특별시,노원구,37.61961324,127.0778853
이디야,하계을지점,서울 노원구 공릉로 326 (하계동),서울특별시,노원구,37.63589343,127.0711797
이디야,덕성여대점,서울 도봉구 삼양로 542 (쌍문동),서울특별시,도봉구,37.6516085,127.013196
이디야,도봉구청점,"서울 도봉구 도봉로150길 43 (방학동, ESA 아파트)",서울특별시,도봉구,37.66629345,127.0458471
이디야,도봉산점,서울 도봉구 도봉산길 18 (도봉동),서울특별시,도봉구,37.68753762,127.0437441
이디야,도봉역점,서울 도봉구 도봉로 823 (도봉동),서울특별시,도봉구,37.6779184,127.0447596
이디야,도봉중앙점,서울 도봉구 도봉로181길 18 (도봉동),서울특별시,도봉구,37.68416257,127.0449033
이디야,방학사거리점,서울 도봉구 도봉로 677 (방학동),서울특별시,도봉구,37.66492978,127.0423183
이디야,방학역점,서울 도봉구 도봉로153길 15 (방학동),서울특별시,도봉구,37.66979536,127.042538
이디야,방학점,서울 도봉구 방학로 171 (방학동),서울특별시,도봉구,37.66216694,127.033248
이디야,선덕고사거리점,"서울 도봉구 해등로 255 (쌍문동, 에벤에셀아파트)",서울특별시,도봉구,37.65737486,127.0281918
이디야,솔밭공원역점,"서울 도봉구 삼양로 594 (쌍문동, 주함해븐빌)",서울특별시,도봉구,37.65605823,127.0135569
이디야,신창점,서울 도봉구 덕릉로 235 (창동),서울특별시,도봉구,37.63893795,127.0381095
이디야,쌍문동점,서울 도봉구 노해로 162 (쌍문동),서울특별시,도봉구,37.64869143,127.0271785
이디야,쌍문역점,서울 도봉구 도봉로117길 4 (쌍문동),서울특별시,도봉구,37.64944159,127.0347067
이디야,창동대우점,서울 도봉구 덕릉로63가길 30 (창동),서울특별시,도봉구,37.64346474,127.0387481
이디야,창동블루핀점,서울 도봉구 마들로 550 (창동),서울특별시,도봉구,37.66046448,127.0495943
이디야,창동역점,서울 도봉구 마들로11길 65 (창동),서울특별시,도봉구,37.65341714,127.0496674
이디야,창동제일점,서울 도봉구 노해로70길 81 (창동),서울특별시,도봉구,37.64890361,127.0525045
이디야,창동하나로마트점,"서울 도봉구 마들로11길 20 (창동, 농협창동유통센타)",서울특별시,도봉구,37.65479653,127.0513924
이디야,창동학원가점,서울 도봉구 해등로16길 61 (창동),서울특별시,도봉구,37.65513564,127.0433556
이디야,남성역점,서울 동작구 사당로17가길 13 (사당동),서울특별시,동작구,37.48381209,126.9734255
이디야,노들점,서울 동작구 노량진로 200 (노량진동),서울특별시,동작구,37.51290259,126.9479208
이디야,노량진CTS점,서울 동작구 노량진로 110 (노량진동),서울특별시,동작구,37.51318533,126.9380387
이디야,노량진드림스퀘어점,"서울 동작구 노들로2길 7 (노량진동, 노량진 드림스퀘어 복합빌딩)",서울특별시,동작구,37.51416252,126.9386543
이디야,노량진역사점,"서울 동작구 노량진로 지하 130 (노량진동, 9호선 노량진역)",서울특별시,동작구,37.51357483,126.9408253
이디야,대방역점,"서울 동작구 노량진로 24 (대방동, 한신빌딩)",서울특별시,동작구,37.51290838,126.9283477
이디야,보라매공원점,서울 동작구 여의대방로 90 (신대방동),서울특별시,동작구,37.49680957,126.9166617
이디야,보라매점,"서울 동작구 보라매로5가길 16 (신대방동, 보라매아카데미타워)",서울특별시,동작구,37.4912751,126.9240947
이디야,사당역점,서울 동작구 동작대로7길 100 (사당동),서울특별시,동작구,37.47715854,126.9775329
이디야,상도역점,서울 동작구 상도로 277 (상도1동),서울특별시,동작구,37.50281477,126.9483414
이디야,상도중앙점,서울 동작구 만양로 17 (상도동),서울특별시,동작구,37.50632114,126.9471544
이디야,상도파크엘점,"서울 동작구 양녕로 220 (상도동, 상도역 롯데캐슬 파크엘)",서울특별시,동작구,37.50071111,126.9455562
이디야,신대방삼거리점,서울 동작구 상도로 78 (대방동),서울특별시,동작구,37.49954516,126.9291475
이디야,이수중앙점,서울 동작구 사당로 285 (사당동),서울특별시,동작구,37.48464911,126.9791825
이디야,중앙대점,서울 동작구 흑석로 79 (흑석동),서울특별시,동작구,37.50702932,126.9584214
이디야,중앙대후문점,서울 동작구 흑석로 20 (상도동),서울특별시,동작구,37.50483074,126.9530309
이디야,총신대입구역점,서울 동작구 동작대로 119-1 (사당동),서울특별시,동작구,37.4873643,126.9818775
이디야,총신대점,"서울 동작구 사당로16가길 96 (사당동) 1,2층",서울특별시,동작구,37.5,127.05
이디야,해군회관점,서울 동작구 여의대방로 194 (대방동),서울특별시,동작구,37.50426192,126.9222632
이디야,흑석역점,서울 동작구 현충로 100-1 (흑석동),서울특별시,동작구,37.50764469,126.9647383
이디야,공덕롯데캐슬점,"서울 마포구 마포대로 109 (공덕동, 롯데캐슬프레지던트)",서울특별시,마포구,37.54511882,126.9508863
이디야,대흥역점,서울 마포구 백범로 100 (대흥동),서울특별시,마포구,37.5,127.05
이디야,마포공덕역점,서울 마포구 새창로 6 (도화동),서울특별시,마포구,37.54203652,126.9505114
이디야,마포구청점,서울 마포구 월드컵로 196 (성산동),서울특별시,마포구,37.56479956,126.9027502
이디야,마포성산시영점,서울 마포구 월드컵북로 210 (성산동),서울특별시,마포구,37.56922052,126.9058043
이디야,마포점,서울 마포구 도화길 10 (도화동),서울특별시,마포구,37.53980782,126.9474102
이디야,망리단길점,"서울 마포구 포은로 81-1 (망원동, S-빌딩)",서울특별시,마포구,37.55431356,126.9052657
이디야,망원역점,서울 마포구 월드컵로 82-1 (서교동),서울특별시,마포구,37.55637639,126.910227
이디야,망원중앙점,서울 마포구 월드컵로 147 (망원동),서울특별시,마포구,37.56079667,126.9054786
이디야,상수역점,서울 마포구 와우산로 41-1 (상수동),서울특별시,마포구,37.54824721,126.9228235
이디야,상암DMC점,서울 마포구 월드컵북로 396 (상암동),서울특별시,마포구,37.57942834,126.889783
이디야,상암한샘점,서울 마포구 성암로13길 58 (상암동),서울특별시,마포구,37.57571848,126.8977722
이디야,상암홈플러스점,서울 마포구 월드컵로 240 (성산동),서울특별시,마포구,37.56828845,126.897273
이디야,서교동점,서울 마포구 와우산로29길 70 (서교동),서울특별시,마포구,37.55636572,126.9265961
이디야,성산점,서울 마포구 월드컵북로 137 (성산동),서울특별시,마포구,37.56482585,126.9116621
이디야,성산중앙점,서울 마포구 성미산로 78 (성산동),서울특별시,마포구,37.56030738,126.916651
이디야,신촌그랑자이점,"서울 마포구 대흥로 183 (대흥동, 신촌그랑자이 상가)",서울특별시,마포구,37.55583525,126.9456604
이디야,신촌로터리점,서울 마포구 서강로 135 (노고산동),서울특별시,마포구,37.55451671,126.9354223
이디야,신촌숲아이파크점,"서울 마포구 광성로 17 (신수동, 신촌숲아이파크)",서울특별시,마포구,37.55031487,126.9355182
이디야,신촌하나로마트점,"서울 마포구 신촌로 66 (노고산동, 농협중앙회)",서울특별시,마포구,37.5560665,126.9331166
이디야,애오개역점,서울 마포구 마포대로 208 (아현동),서울특별시,마포구,37.55250069,126.956863
이디야,오벨리스크점,"서울 마포구 마포대로 33 (도화동, 마포 한화 오벨리스크)",서울특별시,마포구,37.53998479,126.9454475
이디야,합정LIG점,서울 마포구 양화로1길 21 (합정동),서울특별시,마포구,37.54959467,126.9104569
이디야,합정동점,서울 마포구 양화로6길 90 (합정동),서울특별시,마포구,37.54823534,126.919084
이디야,합정역사거리점,서울 마포구 독막로2길 5 (합정동),서울특별시,마포구,37.54825826,126.914899
이디야,합정홈플러스점,"서울 마포구 양화로 45 (서교동, 메세나폴리스)",서울특별시,마포구,37.5515008,126.9139502
이디야,홍대청기와점,서울 마포구 월드컵북로 7 (서교동),서울특별시,마포구,37.55561117,126.9206617
이디야,홍익대점,"서울 마포구 홍익로 10 (서교동, 서교푸르지오)",서울특별시,마포구,37.55376198,126.9236938
이디야,가재울중앙점,"서울 서대문구 가재울미래로 2 (남가좌동, DMC파크뷰자이)",서울특별시,서대문구,37.57440199,126.9179078
이디야,명지대점,서울 서대문구 거북골로 35 (남가좌동),서울특별시,서대문구,37.57936446,126.9239164
이디야,명지전문대점,서울 서대문구 가좌로 140 (홍은동),서울특별시,서대문구,37.58457145,126.9241593
이디야,북가좌동점,서울 서대문구 증가로 257 (북가좌동),서울특별시,서대문구,37.58345589,126.9115368
이디야,서대문구청점,서울 서대문구 연희로 237 (연희동),서울특별시,서대문구,37.57824224,126.9356923
이디야,서대문점,서울 서대문구 냉천동,서울특별시,서대문구,37.56678216,126.9619635
이디야,신촌기차역점,서울 서대문구 신촌역로 35 (창천동),서울특별시,서대문구,37.5589761,126.9414596
이디야,신촌역점,서울 서대문구 신촌로 87-20 (창천동),서울특별시,서대문구,37.55651118,126.9364588
이디야,아현역점,"서울 서대문구 신촌로37길 10 (북아현동, 아현 메디컬)",서울특별시,서대문구,37.55766549,126.9571378
이디야,연남동점,서울 서대문구 연희로 42 (연희동),서울특별시,서대문구,37.56236858,126.9278622
이디야,연세대점,서울 서대문구 연세로12길 10 (창천동),서울특별시,서대문구,37.55886101,126.9375236
이디야,연세의료원ABMRC점,"서울 서대문구 연세로 50-1 (신촌동, 세브란스병원)",서울특별시,서대문구,37.56367404,126.9419177
이디야,연세의료원제중관점,"서울 서대문구 연세로 50-1 (신촌동, 세브란스병원)",서울특별시,서대문구,37.56204444,126.939662
이디야,연세의료원종합관점,"서울 서대문구 연세로 50-1 (신촌동, 세브란스병원)",서울특별시,서대문구,37.56128805,126.9405426
이디야,연희홍연길점,서울 서대문구 홍제천로 146-9 (연희동),서울특별시,서대문구,37.57638144,126.9300251
이디야,충정로3가점,"서울 서대문구 경기대로 26-26 (충정로3가, 더스타일하우스디센트럴)",서울특별시,서대문구,37.56102262,126.9621924
이디야,홍은사거리점,"서울 서대문구 통일로 510 (홍은동, 북한산 더샵)",서울특별시,서대문구,37.59457019,126.9411674
이디야,강남센트럴시티점,"서울 서초구 신반포로 176 (반포동, 센트럴시티)",서울특별시,서초구,37.50393446,127.0024112
이디야,교대역점,"서울 서초구 서초대로56길 22 (서초동, 성운빌딩)",서울특별시,서초구,37.49348157,127.0171112
이디야,국립국악원점,"서울 서초구 남부순환로 2364 (서초동, 국립국악원)",서울특별시,서초구,37.47771881,127.0098185
이디야,국립중앙도서관디지털관점,"서울 서초구 반포대로 201 (반포동, 국립중앙도서관)",서울특별시,서초구,37.49784541,127.0039919
이디야,국립중앙도서관본관점,"서울 서초구 반포대로 201 (반포동, 국립중앙도서관)",서울특별시,서초구,37.49759316,127.0030194
이디야,남부터미널점,서울 서초구 서초동,서울특별시,서초구,37.4900862,127.0195348
이디야,내방역점,"서울 서초구 서초대로 108 (방배동, 삼보빌딩)",서울특별시,서초구,37.48752619,126.9942016
이디야,반포지하상가점,"서울 서초구 신반포로 지하 200 (잠원동, 강남터미널지하쇼핑몰)",서울특별시,서초구,37.50621932,127.0050533
이디야,방배역점,서울 서초구 방배로 87 (방배동),서울특별시,서초구,37.48217809,126.9969088
이디야,방배중앙점,"서울 서초구 동광로 1 (방배동, 대양빌딩)",서울특별시,서초구,37.49107148,126.9830257
이디야,서울고교점,서울 서초구 서초동,서울특별시,서초구,37.4900862,127.0195348
이디야,서울고속버스터미널점,"서울 서초구 신반포로 194 (반포동, 강남고속버스터미널)",서울특별시,서초구,37.50572915,127.0056888
이디야,서울교대점,서울 서초구 서초동,서울특별시,서초구,37.4900862,127.0195348
이디야,서초법조타운점,"서울 서초구 서초중앙로24길 7 (서초동, 동천빌딩)",서울특별시,서초구,37.49479379,127.014488
이디야,서초역점,서울 서초구 서초동,서울특별시,서초구,37.4900862,127.0195348
이디야,서초우면중앙점,"서울 서초구 양재대로2길 100-11 (우면동, 서초 리슈빌S)",서울특별시,서초구,37.4564646,127.0162529
이디야,서초점,서울 서초구 서초대로48길 16 (서초동),서울특별시,서초구,37.51047298,127.0329589
이디야,신사멀버리힐스점,서울 서초구 강남대로 589 (잠원동),서울특별시,서초구,37.51444068,127.0193864
이디야,양재언남점,"서울 서초구 동산로 60 (양재동, 화성빌딩)",서울특별시,서초구,37.47169679,127.0454183
이디야,양재점,서울 서초구 남부순환로347길 38 (서초동),서울특별시,서초구,37.48602638,127.0314874
이디야,양재중앙점,"서울 서초구 강남대로 221 (양재동, 양재역 환승주차장)",서울특별시,서초구,37.4836851,127.0341178
이디야,양재하나로마트점,"서울 서초구 청계산로 10 (양재동, 농협하나로클럽)",서울특별시,서초구,37.4632288,127.0435302
이디야,예술의전당점,"서울 서초구 반포대로 32 (서초동, 원일빌딩)",서울특별시,서초구,37.48343775,127.0121205
이디야,우면동점,"서울 서초구 바우뫼로 20 (우면동, 고호빌딩)",서울특별시,서초구,37.46998683,127.0252912
이디야,잠원논현점,서울 서초구 신반포로 333 (잠원동),서울특별시,서초구,37.51093465,127.0201511
이디야,청계산입구역점,서울 서초구 신원동,서울특별시,서초구,37.44401898,127.062171
이디야,함지박사거리점,서울 서초구 방배로 234 우신빌딩,서울특별시,서초구,37.4941612,126.9899106
이디야,고대개운점,서울 성북구 개운사길 30 (안암동5가),서울특별시,성북구,37.58768291,127.0294363
이디야,고대점,서울 성북구 고려대로24길 35 (안암동5가),서울특별시,성북구,37.58466447,127.0295588
이디야,고대타이거프라자점,"서울 성북구 안암로 145 (안암동5가, 고려대학교안암캠퍼스)",서울특별시,성북구,37.58870342,127.0316983
이디야,길음뉴타운점,"서울 성북구 길음로 74 (길음동, 길음 에스에이치빌)",서울특별시,성북구,37.60928966,127.0210339
이디야,길음중앙점,"서울 성북구 도봉로 11 (길음동, 삼주빌딩)",서울특별시,성북구,37.61025028,127.029876
이디야,돌곶이역점,서울 성북구 돌곶이로22길 3 (석관동),서울특별시,성북구,37.61019643,127.058099
이디야,동덕여대점,서울 성북구 화랑로 99 (하월곡동),서울특별시,성북구,37.60348982,127.0426886
이디야,동소문동점,서울 성북구 동소문로13길 5 (동소문동4가),서울특별시,성북구,37.5920439,127.0128381
이디야,보문역점,서울 성북구 보문로 111 (보문동2가),서울특별시,성북구,37.58493985,127.0193405
이디야,석계중앙점,서울 성북구 화랑로40길 61 (석관동),서울특별시,성북구,37.61376933,127.0649419
이디야,석관동점,"서울 성북구 돌곶이로8길 22 (석관동, 래미안아트리치)",서울특별시,성북구,37.60652367,127.0622607
이디야,성신여대역점,서울 성북구 동소문로17길 40 (동소문동6가),서울특별시,성북구,37.59392957,127.0158938
이디야,성신여대점,서울 성북구 보문로34길 100 (동선동2가),서울특별시,성북구,37.59120268,127.0207875
이디야,안암래미안점,서울 성북구 보문로30가길 42 (안암동1가),서울특별시,성북구,37.58902458,127.0220249
이디야,월곡1동점,서울 성북구 오패산로 99 (하월곡동),서울특별시,성북구,37.6107514,127.0351644
이디야,월곡동아점,서울 성북구 장월로1길 47 (상월곡동),서울특별시,성북구,37.60628529,127.0456682
이디야,장위2동점,서울 성북구 화랑로25길 14 (장위동),서울특별시,성북구,37.60930601,127.0524636
이디야,장위뉴타운점,서울 성북구 장월로 144-1 (장위동),서울특별시,성북구,37.61771006,127.0510436
이디야,장위동점,서울 성북구 월계로40길 7 (장위동),서울특별시,성북구,37.62294735,127.0483972
이디야,장위북서울꿈의숲점,서울 성북구 돌곶이로41가길 2 (장위동),서울특별시,성북구,37.61864472,127.0456157
이디야,장위중앙점,서울 성북구 장위로 35 (장위동),서울특별시,성북구,37.61446293,127.0407795
이디야,정릉중앙점,서울 성북구 정릉로 251 (정릉동),서울특별시,성북구,37.60472238,127.0119197
이디야,종암동점,서울 성북구 종암로 105 (종암동),서울특별시,성북구,37.59952956,127.0339539
이디야,하월곡동점,서울 성북구 오패산로 16 (하월곡동),서울특별시,성북구,37.60366284,127.0375584
이디야,한성대점,서울 성북구 삼선교로 10 (삼선동1가),서울특별시,성북구,37.58773359,127.0069083
이디야,가든파이브점,"서울 송파구 충민로 10 (문정동, 가든파이브툴)",서울특별시,송파구,37.47861732,127.1191067
이디야,가든파이브테크노관점,"서울 송파구 충민로 66 (문정동, 가든파이브라이프)",서울특별시,송파구,37.47761484,127.1249618
이디야,가락몰점,"서울 송파구 양재대로 932 (가락동, 가락몰 판매동)",서울특별시,송파구,37.49325575,127.1167319
이디야,가락중앙점,서울 송파구 송이로 87 (가락동),서울특별시,송파구,37.49830398,127.1208731
이디야,개롱역점,"서울 송파구 오금로 407 (오금동, 상아아파트)",서울특별시,송파구,37.49785986,127.1357319
이디야,거여점,서울 송파구 오금로 497 (거여동),서울특별시,송파구,37.49352032,127.1443407
이디야,방이역점,서울 송파구 위례성대로18길 32 (방이동),서울특별시,송파구,37.50956326,127.1247246
이디야,방이초교점,서울 송파구 가락로 280 (방이동),서울특별시,송파구,37.51273309,127.1200163
이디야,삼전역점,서울 송파구 백제고분로 263 (삼전동),서울특별시,송파구,37.50278136,127.0957992
이디야,삼전중앙점,서울 송파구 백제고분로27길 5 (삼전동),서울특별시,송파구,37.5036698,127.0925793
이디야,서울삼성내과점,"서울 송파구 백제고분로 126 (잠실동, 오룡빌딩)",서울특별시,송파구,37.5061702,127.0807533
이디야,석촌백제점,"서울 송파구 백제고분로39길 15 (석촌동, 삼경빌딩)",서울특별시,송파구,37.50566175,127.1044552
이디야,석촌역점,"서울 송파구 송파대로 456 (송파동, 웅현빌딩)",서울특별시,송파구,37.50719033,127.1058419
이디야,송파문정점,서울 송파구 송이로 159 (가락동),서울특별시,송파구,37.49292715,127.1252632
이디야,송파올림픽훼미리타운점,"서울 송파구 중대로 24 (문정동, 올림픽훼밀리타운 아카데미 상가)",서울특별시,송파구,37.49058756,127.1179461
이디야,송파위례점,"서울 송파구 위례광장로 188 (장지동, 아이온스퀘어)",서울특별시,송파구,37.48084502,127.1428013
이디야,송파파인타운점,"서울 송파구 충민로2길 28 (장지동, 대진플라자2)",서울특별시,송파구,37.47715766,127.1274169
이디야,송파풍납점,서울 송파구 강동대로9길 17-1 (풍납동),서울특별시,송파구,37.52809704,127.116543
이디야,오금중앙점,"서울 송파구 위례성대로22길 18 (오금동, 이시돌빌딩)",서울특별시,송파구,37.50877917,127.1305037
이디야,올림픽공원점,서울 송파구 올림픽로 354 (방이동),서울특별시,송파구,37.51617032,127.1097373
이디야,올림픽프라자점,서울 송파구 양재대로 1222 (방이동),서울특별시,송파구,37.51573786,127.1319156
이디야,위례포레샤인점,"서울 송파구 위례순환로 477 (장지동, 위례포레샤인23단지)",서울특별시,송파구,37.47494648,127.1344243
이디야,잠실본동점,"서울 송파구 백제고분로 172 (잠실동, 제이케이빌딩)",서울특별시,송파구,37.50472086,127.0858523
이디야,잠실역점,"서울 송파구 송파대로 567 (잠실동, 잠실주공아파트)",서울특별시,송파구,37.51353975,127.0993615
이디야,강서초교점,서울 양천구 오목로 48 (신월동),서울특별시,양천구,37.52203289,126.8429605
이디야,남부지방법원점,"서울 양천구 은행정로4길 25 (신정동, SM엘루이아파트)",서울특별시,양천구,37.52150083,126.8626153
이디야,목3동점,"서울 양천구 목동중앙북로 38 (목동, 롯데캐슬위너아파트)",서울특별시,양천구,37.54790385,126.8669548
이디야,목4동점,서울 양천구 목동중앙본로7길 46 (목동),서울특별시,양천구,37.53947822,126.8661322
이디야,목동등촌로점,서울 양천구 등촌로 180 (목동),서울특별시,양천구,37.54565337,126.8627391
이디야,목동센트럴아이파크위브점,서울 양천구 남부순환로 603 (신월동),서울특별시,양천구,37.51521881,126.8406921
이디야,목동신목점,"서울 양천구 목동중앙로 85 (목동, 강산아파트)",서울특별시,양천구,37.53701011,126.8714888
이디야,목동신트리점,"서울 양천구 신정로 312 (신정동, 뉴프라자)",서울특별시,양천구,37.51332647,126.8555024
이디야,목동아델리체점,"서울 양천구 중앙로43길 14 (신정동, 래미안 목동아델리체)",서울특별시,양천구,37.51805319,126.8526314
이디야,목동파라곤점,서울 양천구 목동서로 155 (목동),서울특별시,양천구,37.52999562,126.875072
이디야,목동파리공원점,서울 양천구 목동동로 379 (목동),서울특별시,양천구,37.53560985,126.8787135
이디야,서남병원점,서울 양천구 신정동,서울특별시,양천구,37.51855268,126.8543543
이디야,신월5동점,서울 양천구 화곡로 50 (신월동),서울특별시,양천구,37.53916854,126.8274503
이디야,신월7동점,서울 양천구 지양로 79 (신월동),서울특별시,양천구,37.52243007,126.8329907
이디야,신월사거리점,서울 양천구 남부순환로 353 (신월동),서울특별시,양천구,37.53567418,126.8289231
이디야,신월신곡시장점,서울 양천구 신월로 172 (신월동),서울특별시,양천구,37.51831062,126.8426568
이디야,신정네거리역점,서울 양천구 중앙로 282 (신정동),서울특별시,양천구,37.52155397,126.8525788
이디야,신정서부점,서울 양천구 신정로11길 50-15 (신정동),서울특별시,양천구,37.51224373,126.8383267
이디야,양천구청점,서울 양천구 목동동로 63 (신정동),서울특별시,양천구,37.51531654,126.8623108
이디야,오목교대학학원점,서울 양천구 오목로 319 (목동),서울특별시,양천구,37.52507752,126.8730655
이디야,KBS별관점,"서울 영등포구 국제금융로8길 27-9 (여의도동, 동북빌딩)",서울특별시,영등포구,37.51967446,126.928931
이디야,국회의사당역점,"서울 영등포구 의사당대로 22 (여의도동, 이룸센터)",서울특별시,영등포구,37.52686988,126.9178436
이디야,남부고용센터점,서울 영등포구 양산로 71 (양평동3가),서울특별시,영등포구,37.52502904,126.8911039
이디야,당산버드나루점,서울 영등포구 버드나루로 87 (영등포동7가),서울특별시,영등포구,37.52596758,126.9087214
이디야,당산역점,"서울 영등포구 당산로 222 (당산동5가, 당산디오빌)",서울특별시,영등포구,37.53324478,126.9022911
이디야,당산중앙점,서울 영등포구 당산로 159 (당산동4가),서울특별시,영등포구,37.52885056,126.897566
이디야,대림1동점,서울 영등포구 도림로 198 (대림동),서울특별시,영등포구,37.49647205,126.9028549
이디야,대림3동점,서울 영등포구 대림로 212 (대림동),서울특별시,영등포구,37.49959602,126.8981463
이디야,대림역점,서울 영등포구 도림로31길 2 (대림동),서울특별시,영등포구,37.49252893,126.8959195
이디야,도림사거리점,서울 영등포구 도림로 326 (신길동),서울특별시,영등포구,37.50658488,126.9018098
이디야,도림점,"서울 영등포구 도신로15길 40 (도림동, 도림빌딩)",서울특별시,영등포구,37.50860804,126.8965725
이디야,라이프점,"서울 영등포구 63로 40 (여의도동, 라이프오피스텔)",서울특별시,영등포구,37.5196352,126.9391364
이디야,보라매역점,서울 영등포구 여의대방로 141 (신길동),서울특별시,영등포구,37.49967939,126.9199579
이디야,서여의도점,"서울 영등포구 국회대로72길 4 (여의도동, 아이비피아빌딩)",서울특별시,영등포구,37.53033358,126.9199164
이디야,선유도역점,서울 영등포구 양평로 126 (양평동5가),서울특별시,영등포구,37.53823343,126.8939224
이디야,신길성애병원점,서울 영등포구 여의대방로53길 27 (신길동),서울특별시,영등포구,37.51185483,126.921526
이디야,신길썬프라자점,서울 영등포구 신길로 42 (신길동),서울특별시,영등포구,37.4964707,126.9086182
이디야,신길아이파크점,서울 영등포구 도림로 280 (신길동),서울특별시,영등포구,37.50294058,126.9042139
이디야,신길역점,서울 영등포구 영등포로 353 (신길동),서울특별시,영등포구,37.51506934,126.9180847
이디야,양평동2가점,"서울 영등포구 선유서로25길 19 (양평동2가, 오목교투웨니퍼스트)",서울특별시,영등포구,37.52452992,126.8835814
이디야,여의나루역점,서울 영등포구 여의나루로 113 (여의도동),서울특별시,영등포구,37.52605582,126.9307697
이디야,여의도농협재단점,"서울 영등포구 국제금융로8길 2 (여의도동, 농협재단빌딩)",서울특별시,영등포구,37.52201638,126.9300487
이디야,여의도역점,"서울 영등포구 의사당대로 108 (여의도동, 아일렉스)",서울특별시,영등포구,37.52101442,126.9239916
이디야,영등포knk점,"서울 영등포구 영신로 220 (영등포동8가, KnK디지털타워)",서울특별시,영등포구,37.52667482,126.9042243
이디야,영등포그랜드점,"서울 영등포구 양산로9길 15 (양평동3가, 그랜드타워)",서울특별시,영등포구,37.52679096,126.8886009
이디야,영등포시장점,서울 영등포구 영등포로35길 19 (영등포동6가),서울특별시,영등포구,37.5,127.05
이디야,영등포아크로타워점,"서울 영등포구 국회대로54길 10 (영등포동7가, 아크로타워 스퀘어)",서울특별시,영등포구,37.52365869,126.9064302
이디야,영등포에이스점,서울 영등포구 경인로 775 (문래동3가),서울특별시,영등포구,37.51474642,126.8975368
이디야,영등포점,서울 영등포구 영중로 16-1 (영등포동3가),서울특별시,영등포구,37.51787131,126.906133
이디야,영등포코레일점,"서울 영등포구 경인로 846 (영등포동, 영등포 민자역사)",서울특별시,영등포구,37.51566803,126.907666
이디야,영등포홈플러스점,"서울 영등포구 당산로 42 (문래동3가, 홈플러스)",서울특별시,영등포구,37.50324897,127.0245528
이디야,한강성심병원점,서울 영등포구 버드나루로 51 (영등포동2가),서울특별시,영등포구,37.52307401,126.9105989
이디야,한국수출입은행점,"서울 영등포구 은행로 38 (여의도동, 한국수출입은행빌딩)",서울특별시,영등포구,37.52863723,126.923399
이디야,힐스테이트클래시안점,"서울 영등포구 신길로28길 9 (신길동, 힐스테이트 클래시안)",서울특별시,영등포구,37.50498842,126.910936
이디야,갈현점,서울 은평구 갈현로 268 (갈현동),서울특별시,은평구,37.62063195,126.9166588
이디야,구산사거리점,서울 은평구 서오릉로 195 (구산동),서울특별시,은평구,37.61346015,126.9119026
이디야,구산역점,서울 은평구 연서로 148 (대조동),서울특별시,은평구,37.6119799,126.9176268
이디야,구파발역점,"서울 은평구 진관2로 29-21 (진관동, 드림스퀘어)",서울특별시,은평구,37.63574173,126.9193416
이디야,녹번동점,"서울 은평구 진흥로 156 (녹번동, 신명빌딩)",서울특별시,은평구,37.60875372,126.9269058
이디야,백련산아이파크점,"서울 은평구 응암로 264 (응암동, 서울빌딩)",서울특별시,은평구,37.5953417,126.9188227
이디야,본서부병원점,"서울 은평구 응암로 337 (응암동, 빛터룩스 빌딩)",서울특별시,은평구,37.60130668,126.9221297
이디야,불광중앙점,서울 은평구 불광로 59 (불광동),서울특별시,은평구,37.61232903,126.9317413
이디야,새절역점,서울 은평구 가좌로 272 (신사동),서울특별시,은평구,37.59318463,126.9136108
이디야,서광교회점,"서울 은평구 통일로 951 (갈현동, 서광교회)",서울특별시,은평구,37.62774619,126.9191851
이디야,수색역점,서울 은평구 수색로 250 (수색동),서울특별시,은평구,37.58192631,126.8963078
이디야,역촌동점,서울 은평구 갈현로 82 (역촌동),서울특별시,은평구,37.60527601,126.9107005
이디야,역촌사거리점,서울 은평구 서오릉로 100 (대조동),서울특별시,은평구,37.6089571,126.9209371
이디야,역촌역점,서울 은평구 진흥로 95 (역촌동),서울특별시,은평구,37.60544204,126.9221243
이디야,역촌진흥로점,서울 은평구 진흥로1길 3 (역촌동),서울특별시,은평구,37.60076733,126.9186334
이디야,연신내역점,서울 은평구 통일로 855-9 (갈현동),서울특별시,은평구,37.61889483,126.9198842
이디야,연신내통일로점,서울 은평구 통일로 876 (불광동),서울특별시,은평구,37.62120433,126.9202746
이디야,은평구청점,서울 은평구 은평로 197 (녹번동),서울특별시,은평구,37.60155187,126.9294891
이디야,은평뉴타운점,"서울 은평구 진관3로 70 (진관동, 은평뉴타운상림마을)",서울특별시,은평구,37.64225983,126.9231411
이디야,은평신사점,"서울 은평구 갈현로1길 21 (신사동, 새마을금고신사동제2분사무소)",서울특별시,은평구,37.59927305,126.9078632
이디야,응암역점,"서울 은평구 연서로 9 (역촌동, 센타폴리스)",서울특별시,은평구,37.60009893,126.91561
이디야,응암오거리점,서울 은평구 응암로 211 (응암동),서울특별시,은평구,37.59090766,126.9171518
이디야,응암중앙점,서울 은평구 응암로 183 (응암동),서울특별시,은평구,37.58846556,126.9165771
이디야,증산동점,서울 은평구 증산서길 78 (증산동),서울특별시,은평구,37.58336654,126.9065506
이디야,경복궁역점,"서울 종로구 자하문로 7 (체부동, 성명빌딩)",서울특별시,종로구,37.5767148,126.9722068
이디야,경희궁점,서울 종로구 경희궁1길 16 (신문로2가),서울특별시,종로구,37.57169535,126.9706963
이디야,광화문점,서울 종로구 세종대로23길 15 (도렴동),서울특별시,종로구,37.571507,126.9756534
이디야,낙원동점,서울 종로구 낙원동,서울특별시,종로구,37.57255772,126.9886076
이디야,대학로점,서울 종로구 대학로10길 17 (동숭동),서울특별시,종로구,37.58209615,127.0031785
이디야,독립문역점,서울 종로구 통일로 266 (무악동),서울특별시,종로구,37.57584737,126.9567833
이디야,동대문역점,"서울 종로구 율곡로 286 (종로6가, 야드인빌딩)",서울특별시,종로구,37.57184801,127.0080552
이디야,동묘역점,서울 종로구 종로 354 (숭인동),서울특별시,종로구,37.57310623,127.016794
이디야,배화여대점,서울 종로구 필운대로1길 35 (필운동),서울특별시,종로구,37.57779831,126.9675177
이디야,북촌마을점,서울 종로구 북촌로5길 39 (화동),서울특별시,종로구,37.57933761,126.9827019
이디야,삼일빌딩점,서울 종로구 삼일대로15길 13 (관철동),서울특별시,종로구,37.56878037,126.9867389
이디야,상명대점,서울 종로구 홍지동,서울특별시,종로구,37.600791,126.9565875
이디야,성균관대점,서울 종로구 성균관로 8 (명륜2가),서울특별시,종로구,37.58365859,126.9983373
이디야,숭인점,서울 종로구 숭인동길 6 (숭인동),서울특별시,종로구,37.57526991,127.0215954
이디야,신설점,서울 종로구 난계로29길 30 (숭인동),서울특별시,종로구,37.57423739,127.0214761
이디야,안국역사점,"서울 종로구 율곡로 지하 62 (안국동, 3호선 안국역)",서울특별시,종로구,37.57672037,126.985823
이디야,종로3가점,서울 종로구 종로 126 (종로3가),서울특별시,종로구,37.57010239,126.9915368
이디야,종로4가점,서울 종로구 김상옥로 1 (인의동),서울특별시,종로구,37.57350492,126.9978957
이디야,종로5가점,서울 종로구 대학로 33 (효제동),서울특별시,종로구,37.57407553,127.0018293
이디야,종로교차로점,서울 종로구 동호로 406-1 (종로5가),서울특별시,종로구,37.57062831,127.0021847
이디야,종로구청점,서울 종로구 수송동,서울특별시,종로구,37.57367751,126.9806109
이디야,종로삼일대로점,서울 종로구 삼일대로 390-1 (관철동),서울특별시,종로구,37.56945147,126.9879643
이디야,종로이화동점,서울 종로구 낙산성곽서1길 10 (이화동),서울특별시,종로구,37.57748624,127.0081833
이디야,종로타워점,"서울 종로구 종로 51 (종로2가, 종로타워)",서울특별시,종로구,37.57074514,126.9836114
이디야,창덕궁점,서울 종로구 돈화문로 41-1 (묘동),서울특별시,종로구,37.57228045,126.9914286
이디야,창신동점,서울 종로구 종로 316-1 (창신동),서울특별시,종로구,37.5720248,127.0129259
이디야,창신중앙점,서울 종로구 지봉로 64 (숭인동),서울특별시,종로구,37.57572943,127.0158303
이디야,탑골공원점,서울 종로구 낙원동,서울특별시,종로구,37.57255772,126.9886076
이디야,혜화동로터리점,서울 종로구 혜화로 3-1 (혜화동),서울특별시,종로구,37.58606687,127.0005719
이디야,혜화역점,서울 종로구 창경궁로 258-15 (명륜2가),서울특별시,종로구,37.58359661,127.0006508
이디야,IBK본점,"서울 중구 을지로 79 (을지로2가, 기업은행)",서울특별시,중구,37.56644251,126.9871756
이디야,광희동점,서울 중구 마른내로 165-1 (광희동1가),서울특별시,중구,37.56462626,127.0065093
이디야,다동점,서울 중구 다동길 46 (다동),서울특별시,중구,37.56786149,126.9817261
이디야,동국대후문점,"서울 중구 창경궁로 2 (충무로5가, 남경빌딩)",서울특별시,중구,37.56255721,126.9986916
이디야,동대문점,서울 중구 을지로43길 38 (을지로6가),서울특별시,중구,37.56771138,127.007766
이디야,동대문팀204점,"서울 중구 마장로 30 (신당동, Team204)",서울특별시,중구,37.56771279,127.0131966
이디야,동평화점,서울 중구 청계천로 318 (신당동),서울특별시,중구,37.56935658,127.0137915
이디야,만리동고개점,"서울 중구 만리재로 175 (만리동2가, 서울역센트럴자이),402동 102호",서울특별시,중구,37.55193348,126.9625753
이디야,명동거리점,"서울 중구 명동8가길 7 (충무로2가, 프리엠상가)",서울특별시,중구,37.56176028,126.9854043
이디야,명동역점,서울 중구 퇴계로 103 (충무로1가),서울특별시,중구,37.56087404,126.9832171
이디야,명동중앙점,"서울 중구 명동7길 21 (을지로2가, 명동아르누보센텀)",서울특별시,중구,37.56473129,126.9838589
이디야,북창동점,서울 중구 남대문로1길 57-1 (태평로2가),서울특별시,중구,37.56364637,126.9775681
이디야,서소문점,서울 중구 서소문로11길 8 (서소문동),서울특별시,중구,37.56327377,126.9730945
이디야,서울시청점,"서울 중구 세종대로20길 23 (무교동, 원창빌딩)",서울특별시,중구,37.56715182,126.9787296
이디야,신당점,서울 중구 다산로35길 11 (신당동),서울특별시,중구,37.56353981,127.0148489
이디야,신당중앙점,서울 중구 퇴계로 455 (황학동),서울특별시,중구,37.56558641,127.0223234
이디야,약수역점,서울 중구 동호로 186-13 (신당동),서울특별시,중구,37.55453749,127.0116345
이디야,오장동점,서울 중구 마른내로 109-1 (오장동),서울특별시,중구,37.56461437,127.0001279
이디야,을지로3가점,서울 중구 수표로 45 (저동2가),서울특별시,중구,37.56533939,126.9895962
이디야,을지로중앙점,서울 중구 마른내로 49 (인현동1가),서울특별시,중구,37.5644739,126.9934783
이디야,정동점,서울 중구 정동길 2-1 (정동),서울특별시,중구,37.56798137,126.969347
이디야,중림브라운스톤점,"서울 중구 청파로 464 (중림동, 브라운스톤서울)",서울특별시,중구,37.56081879,126.9682259
이디야,충무로점,서울 중구 퇴계로 188 (필동1가),서울특별시,중구,37.56083364,126.9925549
이디야,충무아트홀점,서울 중구 퇴계로 381-1 (신당동),서울특별시,중구,37.56528055,127.0139981
이디야,충무필동점,서울 중구 퇴계로 218-5 (필동2가),서울특별시,중구,37.56138027,126.9962966
이디야,태평로점,서울 중구 세종대로11길 26 (서소문동),서울특별시,중구,37.562314,126.9745828
이디야,퇴계로2길점,서울 중구 퇴계로2길 1 (남창동),서울특별시,중구,37.55756848,126.9774015
이디야,한국은행점,서울 중구 남대문로 29-2 (남대문로3가),서울특별시,중구,37.56144261,126.9789643
이디야,회현SK리더스점,"서울 중구 퇴계로 72 (회현동1가, 리더스뷰남산)",서울특별시,중구,37.55912534,126.9806038
이디야,강동고덕교차로점,"서울 강동구 고덕로 421 (강일동, 대한연세요양원)",서울특별시,강동구,37.55740524,127.1725756
이디야,강동구청점,"서울 강동구 성내로6길 20 (성내동, 청일 베르네)",서울특별시,강동구,37.52892683,127.1223658
이디야,강동성내점,서울 강동구 풍성로 162 (성내동),서울특별시,강동구,37.53050405,127.129853
이디야,강동신명초교점,"서울 강동구 명일로 260 (길동, 길동신동아아파트)",서울특별시,강동구,37.54113399,127.147402
이디야,강동역점,"서울 강동구 천호대로 1065 (천호동, 강동상떼빌)",서울특별시,강동구,37.53703716,127.1304649
이디야,고덕강일2지구점,서울 강동구 아리수로93나길 76 (강일동),서울특별시,강동구,37.5724724,127.1759337
이디야,고덕그라시움후문점,서울 강동구 동남로82길 121 (고덕동),서울특별시,강동구,37.56039666,127.1637002
이디야,고덕점,"서울 강동구 동남로75길 19 (명일동, 명일빌딩)",서울특별시,강동구,37.55413723,127.1551805
이디야,굽은다리역점,서울 강동구 양재대로 1543 (천호동),서울특별시,강동구,37.54350653,127.1418645
이디야,길동사거리점,서울 강동구 천호대로 1132 (성내동),서울특별시,강동구,37.53407171,127.1369819
이디야,길동역점,서울 강동구 양재대로 1471 (길동),서울특별시,강동구,37.53736075,127.1392685
이디야,길동중앙점,서울 강동구 명일로 200 (길동),서울특별시,강동구,37.53653784,127.1459289
이디야,둔촌점,서울 강동구 양재대로 1377 (성내동),서울특별시,강동구,37.52922273,127.1362621
이디야,명일역점,"서울 강동구 구천면로 424 (명일동, 명일메가타운)",서울특별시,강동구,37.55041034,127.1455651
이디야,명일중앙점,"서울 강동구 상암로 210 (명일동, 명일현대종합상가)",서울특별시,강동구,37.54629926,127.1457893
이디야,보훈병원점,"서울 강동구 명일로 110 (둔촌동, 둔촌동암펠로스타워)",서울특별시,강동구,37.52880785,127.1431659
이디야,상일리엔파크점,"서울 강동구 상일로 74 (상일동, 고덕리엔파크3단지아파트)",서울특별시,강동구,37.55139001,127.1739832
이디야,암사중앙점,"서울 강동구 암사길 50 (암사동, 제이빌더스)",서울특별시,강동구,37.55136357,127.1347284
이디야,올림픽북문점,서울 강동구 성안로 7 (성내동),서울특별시,강동구,37.52454137,127.1289003
이디야,천호1동점,"서울 강동구 구천면로34길 43 (천호동, 헤리티지)",서울특별시,강동구,37.54256661,127.1335943
이디야,천호로데오점,서울 강동구 천호대로 1027 (천호동),서울특별시,강동구,37.53810846,127.1263955
이디야,천호중앙점,"서울 강동구 올림픽로 660 (천호동, 천호엘크루주상복합)",서울특별시,강동구,37.54016838,127.1245694
이디야,천호초교사거리점,"서울 강동구 구천면로 304 (천호동, 일주빌딩)",서울특별시,강동구,37.54672703,127.1348095
이디야,천호현대점,서울 강동구 올림픽로 665 (천호동),서울특별시,강동구,37.54092469,127.1238738
이디야,개봉북부점,서울 구로구 경인로40길 12 (개봉동),서울특별시,구로구,37.4962642,126.8591313
이디야,개봉역점,서울 구로구 남부순환로97길 11 (개봉동),서울특별시,구로구,37.49425568,126.8583774
이디야,개봉현대점,서울 구로구 개봉로 69 (개봉동),서울특별시,구로구,37.49190332,126.8556101
이디야,고척사거리점,"서울 구로구 고척로 228-6 (고척동, 종만빌딩)",서울특별시,구로구,37.50590783,126.8582904
이디야,고척스카이돔점,"서울 구로구 경인로 397 (고척동, 골든타워빌딩)",서울특별시,구로구,37.49757339,126.8639237
이디야,구로NC점,서울 구로구 구로동로 240 (구로동),서울특별시,구로구,37.50000877,126.8826987
이디야,구로구청점,"서울 구로구 가마산로25길 9 (구로동, 네오팰리스)",서울특별시,구로구,37.49662515,126.890315
이디야,구로궁동점,서울 구로구 오리로 1304 (궁동) 1층,서울특별시,구로구,37.49782588,126.8293782
이디야,구로미성점,"서울 구로구 구로중앙로 228 (신도림동, 기임빌딩)",서울특별시,구로구,37.50618303,126.8767165
이디야,구로역광장점,"서울 구로구 경인로 572 (구로동, 스타팰리스)",서울특별시,구로구,37.50330519,126.8810833
이디야,구로이마트점,서울 구로구 디지털로32길 43 (구로동),서울특별시,구로구,37.48439923,126.8978858
이디야,구로코레일점,"서울 구로구 구로중앙로 174 (구로동, 구로역)",서울특별시,구로구,37.50246213,126.8813651
이디야,구로하버라인점,"서울 구로구 항동로3길 6 (항동, 가온 프라자)",서울특별시,구로구,37.48081342,126.8242639
이디야,구일역점,"서울 구로구 구일로 110 (구로동, 해원리버파크)",서울특별시,구로구,37.49494014,126.8719205
이디야,남구로역점,서울 구로구 디지털로27길 127 (가리봉동),서울특별시,구로구,37.48471081,126.8871093
이디야,성공회대점,서울 구로구 연동로 312 (항동),서울특별시,구로구,37.48773042,126.8243642
이디야,신도림메르디앙점,"서울 구로구 신도림로 65 (신도림동, 신도림월드메르디앙오피스텔)",서울특별시,구로구,37.5095675,126.8820361
이디야,신도림테크노마트점,서울 구로구 새말로 97 (구로동),서울특별시,구로구,37.50704384,126.8902273
이디야,오류남부점,서울 구로구 오류로8길 65 (오류동),서울특별시,구로구,37.49265504,126.8437919
이디야,오류북부역점,서울 구로구 경인로20길 6 (오류동),서울특별시,구로구,37.49540382,126.8433766
이디야,천왕이펜하우스점,서울 구로구 천왕로 36 (천왕동),서울특별시,구로구,37.48089963,126.8393798
이디야,경희대점,서울 동대문구 경희대로 4 (회기동),서울특별시,동대문구,37.59203328,127.0525042
이디야,경희대캠퍼스점,"서울 동대문구 경희대로 26 (회기동, 경희대학교,경희초,중,고,여자중고등학교)",서울특별시,동대문구,37.59527971,127.0511108
이디야,답십리사거리점,서울 동대문구 답십리로 145 (답십리동),서울특별시,동대문구,37.57305219,127.0561132
이디야,답십리파크자이점,"서울 동대문구 한천로 55 (답십리동, 영진빌딩)",서울특별시,동대문구,37.5669102,127.0618809
이디야,동대문구청점,서울 동대문구 천호대로 153-1 (용두동),서울특별시,동대문구,37.57361354,127.0406408
이디야,동부병원사거리점,서울 동대문구 무학로 104 (용두동),서울특별시,동대문구,37.57351144,127.0308912
이디야,배봉초교사거리점,서울 동대문구 답십리로63길 131 (장안동),서울특별시,동대문구,37.57850997,127.0693361
이디야,서울시립대점,"서울 동대문구 서울시립대로 164 (전농동, 도석프라자)",서울특별시,동대문구,37.58327458,127.0548189
이디야,신설동역점,서울 동대문구 천호대로 11-3 (신설동),서울특별시,동대문구,37.57504733,127.024933
이디야,용두동사거리점,서울 동대문구 왕산로 68 (용두동),서울특별시,동대문구,37.5774851,127.030899
이디야,용두동점,서울 동대문구 고산자로 413-1 (용두동),서울특별시,동대문구,37.5766608,127.037934
이디야,이문점,서울 동대문구 신이문로 19 (이문동),서울특별시,동대문구,37.60314191,127.0642539
이디야,장안동사거리점,서울 동대문구 답십리로 309 (장안동),서울특별시,동대문구,37.57235446,127.0748048
이디야,장안동점,서울 동대문구 장한로 43 (장안동),서울특별시,동대문구,37.56510485,127.0667099
이디야,장안중랑천점,서울 동대문구 장한로18길 32 (장안동),서울특별시,동대문구,37.56754824,127.0707759
이디야,장안중앙점,서울 동대문구 사가정로25길 42 (장안동),서울특별시,동대문구,37.5806821,127.0709759
이디야,장한평군자초교점,서울 동대문구 한천로2길 53 (장안동),서울특별시,동대문구,37.56287279,127.0614479
이디야,전농사거리점,서울 동대문구 사가정로 132 (전농동),서울특별시,동대문구,37.57759541,127.0595232
이디야,청량리점,서울 동대문구 왕산로 225 (청량리동),서울특별시,동대문구,37.5821227,127.0472091
이디야,촬영소사거리점,서울 동대문구 답십리로 264 (장안동),서울특별시,동대문구,37.57228156,127.0695085
이디야,회기역중앙점,서울 동대문구 회기로 194-1 (휘경동),서울특별시,동대문구,37.5898055,127.0574958
이디야,논골사거리점,서울 성동구 난계로 35 (금호동1가),서울특별시,성동구,37.55552564,127.0244813
이디야,마장동점,서울 성동구 고산자로 339-2 (마장동),서울특별시,성동구,37.57002056,127.0373566
이디야,마장역점,서울 성동구 마장로 293-1 (마장동),서울특별시,성동구,37.565944,127.0421714
이디야,상왕십리역점,서울 성동구 무학봉15길 27 (하왕십리동),서울특별시,성동구,37.56370916,127.0301718
이디야,성동구청점,서울 성동구 고산자로 269 (도선동),서울특별시,성동구,37.56369732,127.0357739
이디야,성수2가점,서울 성동구 성덕정길 106 (성수동2가),서울특별시,성동구,37.53715944,127.0551048
이디야,성수아카데미점,서울 성동구 성수이로 118 (성수동2가),서울특별시,성동구,37.54517369,127.0578573
이디야,성수우리W타워점,서울 성동구 아차산로15길 19 (성수동2가),서울특별시,성동구,37.54487737,127.0619084
이디야,성수중앙점,"서울 성동구 성수일로6길 47 (성수동2가, 현성빌딩)",서울특별시,성동구,37.54429863,127.0552432
이디야,신금호역점,서울 성동구 금호산길 64 (금호동2가),서울특별시,성동구,37.55389556,127.0196193
이디야,옥수동점,서울 성동구 매봉길 12 (옥수동),서울특별시,성동구,37.54529801,127.0156932
이디야,왕십리비트플렉스점,서울 성동구 왕십리광장로 17 (행당동),서울특별시,성동구,37.56144175,127.0383942
이디야,왕십리센트라스점,서울 성동구 무학로 22 (홍익동),서울특별시,성동구,37.56608253,127.0303064
이디야,왕십리역점,서울 성동구 왕십리로 309 (행당동),서울특별시,성동구,37.5613777,127.0345826
이디야,응봉동점,"서울 성동구 독서당로 381 (응봉동, 현대종합상가)",서울특별시,성동구,37.55019478,127.030693
이디야,텐즈힐점,"서울 성동구 무학로 33 (하왕십리동, 텐즈힐)",서울특별시,성동구,37.56916416,127.0263479
이디야,IBK고객센터점,"서울 용산구 한남대로 72 (한남동, IBK기업은행고객센터)",서울특별시,용산구,37.5349441,127.0069243
이디야,동부이촌동점,서울 용산구 이촌로77길 19 (이촌동),서울특별시,용산구,37.52055367,126.974667
이디야,동자동점,서울 용산구 후암로 93 (동자동),서울특별시,용산구,37.55335289,126.9751175
이디야,삼각지점,서울 용산구 한강대로 138 (한강로2가),서울특별시,용산구,37.53144725,126.9704548
이디야,숙대입구역점,서울 용산구 한강대로 289 (갈월동),서울특별시,용산구,37.54405811,126.9719641
이디야,순천향병원점,서울 용산구 대사관로 72,서울특별시,용산구,37.53309521,127.0059471
이디야,용문점,서울 용산구 원효로41길 73 (원효로2가),서울특별시,용산구,37.53584882,126.9611374
이디야,용산원효점,"서울 용산구 원효로 70 (원효로4가, 신정빌딩)",서울특별시,용산구,37.53250549,126.9516422
이디야,용산청파점,"서울 용산구 청파로71길 10 (청파동1가, 새마을금고)",서울특별시,용산구,37.54946392,126.9694135
이디야,용산효창점,서울 용산구 효창원로66길 2 (효창동),서울특별시,용산구,37.54053798,126.9622076
이디야,원효로점,서울 용산구 원효로 257 (원효로1가),서울특별시,용산구,37.54056882,126.9691147
